invno,invdate,ccode,cname,is_return,remarks,amount
1,2025-12-03,51,NEW KAKAR AUTOS PIDC,N,,13600
2,2025-12-03,51,NEW KAKAR AUTOS PIDC,N,,48400
3,2025-12-04,51,NEW KAKAR AUTOS PIDC,N,,13000
4,2025-12-04,25,AZAN AUTO BADIN,N,,72000
5,2025-12-04,67,JAMEEL AUTOS LEE MARKET,N,,26000
6,2025-12-04,25,AZAN AUTO BADIN,N,,27000
7,2025-12-04,23,AMJAD NOOR,N,,15000
9,2025-12-05,68,ARIF AUTOS LANDHI,N,,14000
10,2025-12-05,60,RIZWAN SUPPLIER KORANGI,N,,27000
11,2025-12-05,37,HANIF SUPPLIER,N,,89500
12,2025-12-05,89,WAQAS TYRE TUBE ISLAM CHOWK,N,,13400
13,2025-12-05,46,MARHABA AUTOS ORANGI DUA CHOWK,N,,13200
14,2025-12-05,57,RANA AUTOS LANDHI,N,,14000
15,2025-12-05,70,UNIQUE AUTOS LANDHI,N,,14000
16,2025-12-05,60,RIZWAN SUPPLIER KORANGI,N,,30000
17,2025-12-06,34,F.A AUTOS THATTA,N,,27000
18,2025-12-06,69,WAQAS AUTOS ISLAM CHOWK,N,,14000
19,2025-12-06,46,MARHABA AUTOS ORANGI DUA CHOWK,N,,14000
20,2025-12-08,25,AZAN AUTO BADIN,N,,36000
21,2025-11-15,57,RANA AUTOS LANDHI,N,,41100
22,2025-11-15,37,HANIF SUPPLIER,N,,18116
23,2025-11-15,34,F.A AUTOS THATTA,N,,7620
24,2025-11-20,58,RAZA AUTOS KORANGI,N,,56800
25,2025-11-26,51,NEW KAKAR AUTOS PIDC,N,,7200
26,2025-11-26,74,B.S QAZI AHMED,N,,36000
27,2025-11-26,65,SHANDAR AUTOS NAUKOT,N,,38000
28,2025-11-26,42,KHATAOMAL PANGRIO,N,,40500
29,2025-11-27,58,RAZA AUTOS KORANGI,N,,56800
30,2025-11-29,27,B.S BAKHTAWAR GOTH,N,,51800
31,2025-11-29,29,BILAL WHEEL THROUGH SACHAL,N,,14200
32,2025-11-29,75,YASIR AUTOS SACHAL GOTH,N,,25900
33,2025-11-30,20,ALI AUTOS ISLAM CHOWK,N,,77640
34,2025-12-08,73,HUSSAIN AUTO SHAH FAISAL,N,,912000
35,2025-12-08,51,NEW KAKAR AUTOS PIDC,N,,14000
36,2025-12-08,72,PRINCE AUTOS SAKRO,N,,84000
37,2025-12-09,71,HAMZA KHAN AUTOS ORANGI TOWN,N,,27000
38,2025-12-10,25,AZAN AUTO BADIN,N,,27000
39,2025-12-11,67,JAMEEL AUTOS LEE MARKET,N,,13000
40,2025-12-13,60,RIZWAN SUPPLIER KORANGI,N,,196000
41,2025-12-14,69,WAQAS AUTOS ISLAM CHOWK,N,,266000
42,2025-10-20,56,RAHIM BHAI CLASSIC MOTORCYCLE,N,,115200
43,2025-10-25,61,SAAD HUMAYUN TRADERS,N,,26890
44,2025-11-03,61,SAAD HUMAYUN TRADERS,N,,11529
45,2025-11-13,62,SADIQ SONS QUETTA,N,,44100
47,2025-12-15,25,AZAN AUTO BADIN,N,,273000
48,2025-12-16,71,HAMZA KHAN AUTOS ORANGI TOWN,N,,19500
49,2025-12-20,57,RANA AUTOS LANDHI,N,,120060
50,2025-12-20,77,MALIK AUTO LINES AREA,N,,14000
51,2025-12-20,60,RIZWAN SUPPLIER KORANGI,N,,56000
52,2025-12-19,25,AZAN AUTO BADIN,N,,39000
53,2025-12-19,34,F.A AUTOS THATTA,N,,78000
54,2025-12-20,78,MARWAT AUTO SCOUT COLONY,N,,14000
55,2025-12-20,80,HUSSAIN AUTO AJMEER NAGRI,N,,14000
56,2025-12-20,79,REHMAN AUTO AJMEER NAGRI,N,,14000
57,2025-12-20,81,TAYYABA AUTO SURJANI,N,,14000
58,2025-12-19,25,AZAN AUTO BADIN,N,,39000
59,2025-12-19,34,F.A AUTOS THATTA,N,,84000
60,2025-12-20,67,JAMEEL AUTOS LEE MARKET,N,,84000
61,2025-12-20,71,HAMZA KHAN AUTOS ORANGI TOWN,N,,24000
62,2025-12-19,34,F.A AUTOS THATTA,N,,25400
63,2025-12-19,25,AZAN AUTO BADIN,N,,27000
64,2025-12-19,82,JUNAID AUTO AGRA TAJ,N,,25600
65,2025-12-20,77,MALIK AUTO LINES AREA,N,,27000
66,2025-12-20,57,RANA AUTOS LANDHI,N,,131400
67,2025-12-20,79,REHMAN AUTO AJMEER NAGRI,N,,13740
68,2025-12-20,80,HUSSAIN AUTO AJMEER NAGRI,N,,13740
69,2025-12-20,83,SINDH KOHLI SAMARO,N,,42000
70,2025-12-22,81,TAYYABA AUTO SURJANI,N,,14000
71,2025-12-22,91,ADNAN SURJANI 7B,N,,14000
72,2025-12-22,90,HAMMAD SURJANI,N,,14000
73,2025-12-22,92,OSAMA ISLAM CHOWK,N,,14000
74,2025-12-22,93,ABBAS AUTO GULLBURG,N,,14000
75,2025-12-23,101,A.R AUTOS BAGH-E-KORANGI,N,,9900
76,2025-12-23,77,MALIK AUTO LINES AREA,N,,1950
77,2025-12-23,82,JUNAID AUTO AGRA TAJ,N,,28500
78,2025-12-24,23,AMJAD NOOR,N,,22500
80,2025-12-26,96,GHAZI AUTOS GOLARCHI,N,,318700
81,2025-12-26,97,BHITTAI AUTOS SAMARO,N,,83600
82,2025-12-26,25,AZAN AUTO BADIN,N,,89750.0001
83,2025-12-27,98,ASLAM AUTOS MARIPUR,N,,85120
84,2025-12-27,26,AZAN AUTOS JIMMY LANDHI,N,,31000
85,2025-12-27,77,MALIK AUTO LINES AREA,N,,5520
86,2025-12-27,99,FAISAL AUTOS KORANGI,N,,13720
87,2025-12-27,68,ARIF AUTOS LANDHI,N,,58400
88,2025-12-27,25,AZAN AUTO BADIN,N,,80000
89,2025-12-27,150,M UMER BADIN,N,,37000
90,2025-12-26,23,AMJAD NOOR,N,,100500
91,2025-12-29,102,SALEEM MAMU,N,,13500
92,2025-12-29,25,AZAN AUTO BADIN,N,,42000
93,2025-12-29,52,NOOR AUTOS QUAIDABAD,N,,42000
94,2025-12-29,103,GHOUSIA AUTO JHUDDO,N,,22440
95,2025-12-29,42,KHATAOMAL PANGRIO,N,,72000
96,2025-12-29,104,HAMZA AUTO MOSMIYAT,N,,112200
97,2025-12-31,51,NEW KAKAR AUTOS PIDC,N,,187500
98,2025-12-31,105,A.H AUTO ORANGI L BLOCK,N,,14000
99,2025-12-31,92,OSAMA ISLAM CHOWK,N,,9750
100,2025-12-31,32,DAWOOD SULTAN AUTOS ORANGI TOW,N,,23750
101,2025-12-31,106,HASAN AUTO NAZIA SQUARE,N,,14000
102,2025-12-31,17,AHMED RAZA AUTOS REHMANIA MOR,N,,17900
103,2025-12-31,107,NIZAM AUTO MAYMAR,N,,1820
104,2026-01-02,73,HUSSAIN AUTO SHAH FAISAL,N,,47595
105,2026-01-06,101,A.R AUTOS BAGH-E-KORANGI,N,,16900
106,2026-01-05,28,SHOAIB AHMED ZIP 1,N,,17750
107,2026-01-09,68,ARIF AUTOS LANDHI,N,,72990
108,2026-01-10,23,AMJAD NOOR,N,,26000
109,2026-01-10,104,HAMZA AUTO MOSMIYAT,N,,27000
110,2026-01-05,59,RIDER AUTO PARTS,N,,111800
111,2026-01-14,68,ARIF AUTOS LANDHI,N,,60000
112,2026-01-14,104,HAMZA AUTO MOSMIYAT,N,,63500
113,2026-01-14,108,SALEEM MEMON MARKET,N,,47800
114,2026-01-14,62,SADIQ SONS QUETTA,N,,51000
115,2026-01-14,109,BABU AUTO SINDHI HOTEL,N,,36750
116,2026-01-14,23,AMJAD NOOR,N,,242000
117,2026-01-14,102,SALEEM MAMU,N,,13500
118,2026-01-15,110,TALHA QALANDRIYA,N,,14000
119,2026-01-15,111,HAMZA AUTO SURJANI,N,,14000
120,2026-01-15,89,WAQAS TYRE TUBE ISLAM CHOWK,N,,13400
121,2026-01-15,82,JUNAID AUTO AGRA TAJ,N,,25600
122,2026-01-15,99,FAISAL AUTOS KORANGI,N,,12000
123,2026-01-15,112,RAJPUT AUTO SABRI CHOWK ORANGI,N,,25880
124,2026-01-15,113,QALANDRI AUTO LANDHI,N,,20575
125,2026-01-15,114,TAJ AUTO MEHRAN TOWN 1,N,,28000
126,2026-01-17,115,HONDA KARACHI PAKISTAN CHOWK,N,,14000
127,2026-01-17,116,ASIF SUPPLIER ZIP 1,N,,17900
128,2026-01-19,117,JAFFER B CLOCK TOWER(SHOAIB),N,,17750
129,2026-01-19,118,OSAMA NORTH KARACHI,N,,18000
130,2026-01-19,98,ASLAM AUTOS MARIPUR,N,,28800
131,2026-01-20,119,KARTAR AUTO CHOUARJAMALI,N,,22500
132,2026-01-20,25,AZAN AUTO BADIN,N,,22500
133,2026-01-20,120,BHATTI AUTO GULSHAN BLK 2,N,,14000
134,2026-01-21,20,ALI AUTOS ISLAM CHOWK,N,,37000
135,2026-01-21,69,WAQAS AUTOS ISLAM CHOWK,N,,149200
136,2026-01-21,68,ARIF AUTOS LANDHI,N,,46000
137,2026-01-21,121,AL-KARAM AUTO MARKET,N,,45500
138,2026-01-21,99,FAISAL AUTOS KORANGI,N,,23000
139,2026-01-21,122,NASIR AUTO ORANGZAIB MARKET,N,,22750
140,2026-01-21,23,AMJAD NOOR,N,,26000
141,2026-01-22,123,LUCKY AUTO WATER PUMP,N,,23000
142,2026-01-23,23,AMJAD NOOR,N,,12905
144,2026-01-26,125,MADINA AUTO SAFORA,N,,3550
145,2026-01-27,116,ASIF SUPPLIER ZIP 1,N,,18350
146,2026-01-27,126,ALAM AUTO GODHRA,N,,24000
147,2026-01-28,89,WAQAS TYRE TUBE ISLAM CHOWK,N,5 CTN,66000
148,2026-01-28,20,ALI AUTOS ISLAM CHOWK,N,,69400
149,2026-01-28,58,RAZA AUTOS KORANGI,N,,28400
150,2026-01-28,69,WAQAS AUTOS ISLAM CHOWK,N,,78000
151,2026-01-28,128,ZAIB AUTO WATER PUMP,N,,241650
152,2026-01-28,129,B.S AUTO AZIZABAD,N,,16780
153,2026-01-28,130,ALVI AUTO BALDIA 4 NUMBER,N,,26400
154,2026-01-28,77,MALIK AUTO LINES AREA,N,,83400
155,2026-01-28,98,ASLAM AUTOS MARIPUR,N,,57600
156,2026-01-28,132,ADNAN AUTO FAST,N,,320000
157,2026-01-29,38,IBRAHIM KORANGI (SHOAIB),N,,10650
158,2026-01-29,133,YOUSUF AUTO SATO MAIL,N,,26650
159,2026-01-30,99,FAISAL AUTOS KORANGI,N,,57000
160,2026-01-30,127,ZHOULI ENGINEERING,Y,,184083.02
161,2026-01-30,134,SAEED BHAI PLAZA,N,,5150
162,2026-02-02,32,DAWOOD SULTAN AUTOS ORANGI TOW,N,,9750
163,2026-02-04,25,AZAN AUTO BADIN,N,,23000
164,2026-02-05,59,RIDER AUTO PARTS,N,,210500
165,2026-02-05,104,HAMZA AUTO MOSMIYAT,N,,20400
166,2026-02-05,59,RIDER AUTO PARTS,N,,28000
167,2026-02-06,79,REHMAN AUTO AJMEER NAGRI,N,,30950
168,2026-02-06,59,RIDER AUTO PARTS,N,,94000
169,2026-02-07,137,KHAN SHAHRUKH AUTO KORANGI,N,,48000
170,2026-02-07,128,ZAIB AUTO WATER PUMP,N,,100800
171,2026-02-07,60,RIZWAN SUPPLIER KORANGI,N,,34200
172,2026-02-07,101,A.R AUTOS BAGH-E-KORANGI,N,,34860
173,2026-02-07,68,ARIF AUTOS LANDHI,N,,76000
174,2026-02-07,98,ASLAM AUTOS MARIPUR,N,,46080
175,2026-02-07,24,AYAN AUTOS CLIFTON,N,,95844
176,2026-02-07,59,RIDER AUTO PARTS,N,,62500
177,2026-02-09,104,HAMZA AUTO MOSMIYAT,N,,64500
178,2026-02-09,25,AZAN AUTO BADIN,N,,51600
179,2026-02-09,138,ASIM BROTHERS MARKET,N,,20400
180,2026-02-09,92,OSAMA ISLAM CHOWK,N,,56560
181,2026-02-09,139,IQBAL AUTO BALDIA,N,,22800
182,2026-02-10,112,RAJPUT AUTO SABRI CHOWK ORANGI,N,,230400
183,2026-02-10,69,WAQAS AUTOS ISLAM CHOWK,N,,230400
184,2026-02-11,140,MAMA A-1 GULSHAN 13D,N,,15060
186,2026-02-11,141,ALI AUTO MEHMODABAD,N,,66390
187,2026-01-24,59,RIDER AUTO PARTS,N,,134664
188,2026-02-07,59,RIDER AUTO PARTS,N,,55800
189,2026-02-12,25,AZAN AUTO BADIN,N,,48250
190,2026-02-12,142,MADINA AUTO AZIZABAD,N,,23840
191,2026-02-13,17,AHMED RAZA AUTOS REHMANIA MOR,N,,15350
192,2026-02-13,81,TAYYABA AUTO SURJANI,N,,36900
193,2026-02-13,90,HAMMAD SURJANI,N,,28750
194,2026-02-13,91,ADNAN SURJANI 7B,N,,12700
195,2026-02-13,144,TAJ AUTO MEHRAN TOWN 2,N,,44650
196,2026-02-13,145,HUMA AUTO KORANGI,N,,20400
197,2026-02-13,146,ATTARI AUTO KORANGI,N,,24800
198,2026-02-13,57,RANA AUTOS LANDHI,N,,125300
199,2026-02-14,104,HAMZA AUTO MOSMIYAT,N,,22500
200,2026-02-14,69,WAQAS AUTOS ISLAM CHOWK,N,,23000
201,2026-02-14,71,HAMZA KHAN AUTOS ORANGI TOWN,N,,45500
202,2026-02-14,112,RAJPUT AUTO SABRI CHOWK ORANGI,N,,46000
203,2026-02-14,144,TAJ AUTO MEHRAN TOWN 2,N,,4600
204,2026-02-14,146,ATTARI AUTO KORANGI,N,,4600
205,2026-02-14,57,RANA AUTOS LANDHI,N,,23000
206,2026-02-16,147,JIJAL AUTO GHARO,N,,39000
207,2026-02-16,123,LUCKY AUTO WATER PUMP,N,,23000
208,2026-02-16,121,AL-KARAM AUTO MARKET,N,,36400
209,2026-02-16,51,NEW KAKAR AUTOS PIDC,N,,16350
210,2026-02-16,38,IBRAHIM KORANGI (SHOAIB),N,,17750
211,2026-02-16,148,IRFAN AUTO SHAH FAISAL,N,,57500
212,2026-02-16,149,SHEIKH AUTO PEHALWAN GOTH,N,,59600
213,2026-02-16,25,AZAN AUTO BADIN,N,,17400
214,2026-02-16,36,HADIA K1 NORTH NAZIMABAD,N,,42750
215,2026-02-16,150,M UMER BADIN,N,,12900
216,2026-02-17,25,AZAN AUTO BADIN,N,,92500
217,2026-02-17,71,HAMZA KHAN AUTOS ORANGI TOWN,N,,40500
218,2026-02-19,115,HONDA KARACHI PAKISTAN CHOWK,N,,68155
219,2026-02-19,56,RAHIM BHAI CLASSIC MOTORCYCLE,N,,225000
220,2026-02-19,24,AYAN AUTOS CLIFTON,N,,5400
221,2026-02-19,115,HONDA KARACHI PAKISTAN CHOWK,N,,9500
222,2026-02-20,25,AZAN AUTO BADIN,N,,23000
223,2026-02-21,116,ASIF SUPPLIER ZIP 1,N,,14000
224,2026-02-21,27,B.S BAKHTAWAR GOTH,N,,12740
225,2026-02-23,57,RANA AUTOS LANDHI,N,,194000
226,2026-02-23,153,JUNAID AUTO SHAHFAISAL,N,,42850
227,2026-02-23,142,MADINA AUTO AZIZABAD,N,,27650
228,2026-02-24,71,HAMZA KHAN AUTOS ORANGI TOWN,N,,24000
229,2026-02-24,139,IQBAL AUTO BALDIA,N,,31350
230,2026-02-24,73,HUSSAIN AUTO SHAH FAISAL,N,,23100
231,2026-02-25,25,AZAN AUTO BADIN,N,,40000
232,2026-02-25,154,HAFEEZ AUTO KHAN BELA,N,,61200
233,2026-02-25,111,HAMZA AUTO SURJANI,N,,35400
234,2026-02-26,141,ALI AUTO MEHMODABAD,N,,48250
235,2026-02-26,20,ALI AUTOS ISLAM CHOWK,N,,73840
236,2026-02-26,82,JUNAID AUTO AGRA TAJ,N,,83800
237,2026-02-26,104,HAMZA AUTO MOSMIYAT,N,,28900
238,2026-02-27,109,BABU AUTO SINDHI HOTEL,N,,63990
239,2026-02-27,68,ARIF AUTOS LANDHI,N,,69900
240,2026-02-27,128,ZAIB AUTO WATER PUMP,N,,89850
241,2026-02-27,101,A.R AUTOS BAGH-E-KORANGI,N,,79590
242,2026-02-27,25,AZAN AUTO BADIN,N,,45500
243,2026-02-27,42,KHATAOMAL PANGRIO,N,,296000
244,2026-02-27,115,HONDA KARACHI PAKISTAN CHOWK,N,,47000
245,2026-02-28,42,KHATAOMAL PANGRIO,N,,38700
246,2026-02-28,150,M UMER BADIN,N,,38700
247,2026-02-28,25,AZAN AUTO BADIN,N,,38700
248,2026-02-28,98,ASLAM AUTOS MARIPUR,N,,78500
249,2026-02-28,104,HAMZA AUTO MOSMIYAT,N,,7000
250,2026-02-28,116,ASIF SUPPLIER ZIP 1,N,,23200
251,2026-03-02,157,ASGHER AUTO UP,N,,120450
252,2026-03-02,62,SADIQ SONS QUETTA,N,,62000
253,2026-03-02,157,ASGHER AUTO UP,N,,12200
254,2026-03-02,158,PAKISTAN AUTO QUAIDABAD,N,,13000
255,2026-03-03,159,WAQAS AUTO BUFFER ZONE,N,,26375
256,2026-03-03,160,HAJI IQBAL QURESHI U.P,N,,83000
257,2026-03-03,161,SHAYAN AUTO U.P,N,,26550
258,2026-03-03,162,M.S MURAD ORANGI,N,,16500
259,2026-03-03,164,STAR AUTO MAYMAR,N,,72775
260,2026-03-03,158,PAKISTAN AUTO QUAIDABAD,N,,31875
261,2026-03-03,130,ALVI AUTO BALDIA 4 NUMBER,N,,39600
262,2026-03-03,139,IQBAL AUTO BALDIA,N,,17580
263,2026-03-03,42,KHATAOMAL PANGRIO,N,,37800
264,2026-03-05,165,ORANGZAIB AUTO SHEDAD PUR,N,,46000
265,2026-03-05,166,M.A AUTO VINDER,N,,13000
266,2026-03-05,150,M UMER BADIN,N,,64800
268,2026-03-05,104,HAMZA AUTO MOSMIYAT,N,,77250
269,2026-03-05,104,HAMZA AUTO MOSMIYAT,N,,64800
270,2026-03-05,91,ADNAN SURJANI 7B,N,,6750
271,2026-03-05,129,B.S AUTO AZIZABAD,N,,30600
272,2026-03-05,25,AZAN AUTO BADIN,N,,58400
273,2026-03-05,168,B.S AUTO QUAIDABAD,N,,21600
274,2026-03-05,167,QADRI AUTO SHAH FAISAL,N,,11575
275,2026-03-06,169,TAYYAB AUTO MEHMODABAD,N,,53900
276,2026-03-06,170,ABDUL HADI AUTO DRIG ROAD,N,,31525
277,2026-03-07,171,MAMA JAMALI AUTO BADIN,N,,30000
278,2026-03-07,25,AZAN AUTO BADIN,N,,90300
279,2026-03-07,172,FINAL AUTO MARKET,N,,28900
280,2026-03-07,173,B.S AUTO FARZAN BAK KORANGI,N,,43800
281,2026-03-07,174,FAROOQ AUTO SHAH FAISAL,N,,39600
282,2026-03-09,186,MAMA ASHFAQ BADIN,N,,75800
283,2026-03-09,115,HONDA KARACHI PAKISTAN CHOWK,N,,6300
284,2026-03-09,92,OSAMA ISLAM CHOWK,N,,48700
285,2026-03-09,68,ARIF AUTOS LANDHI,N,,115400
286,2026-03-09,156,SUMAIR AUTO GOLIMAR,N,,22000
287,2026-03-09,53,NOORANI AUTOS BADIN,N,,122750
288,2026-03-10,175,JAPAN AUTO WATER PUMP,N,,34790
289,2026-03-10,176,ANSARI AUTO DASTAGIR,N,,30231
290,2026-03-10,177,FARHAN AUTO WATER PUMP,N,,52180
291,2026-03-10,178,B.S ALIYAN AUTO WATER PUMP,N,,23640
292,2026-03-10,179,A.W AUTO WATER PUMP,N,,43640
293,2026-03-10,180,ARSALAN AUTO 13D GULLSHAN,N,,16300
294,2026-03-10,129,B.S AUTO AZIZABAD,N,,20000
295,2026-03-10,181,MAKKA AUTO KORANGI 3 NUMBER,N,,27000
296,2026-03-10,182,SHAMA AUTO ELECTRIC W/P,N,,14200
297,2026-03-10,69,WAQAS AUTOS ISLAM CHOWK,N,,152850
298,2026-03-10,89,WAQAS TYRE TUBE ISLAM CHOWK,N,,26400
299,2026-03-10,57,RANA AUTOS LANDHI,N,,73400
300,2026-03-10,183,M.A AUTO LIYARI 36,N,,92550
301,2026-03-10,169,TAYYAB AUTO MEHMODABAD,N,,4650
302,2026-03-10,184,NEW-RIYAZ AUTO LIYARI 36,N,,35750
303,2026-03-10,185,R.R AUTO SURJANI,N,,78500
304,2026-03-10,128,ZAIB AUTO WATER PUMP,N,,23040
305,2026-03-12,157,ASGHER AUTO UP,N,,18200
306,2026-03-12,187,NASEER AUTO VINDER,N,,32250
307,2026-03-12,104,HAMZA AUTO MOSMIYAT,N,,18500
308,2026-03-12,132,ADNAN AUTO FAST,N,,97600
309,2026-03-12,72,PRINCE AUTOS SAKRO,N,,103000
310,2026-03-13,171,MAMA JAMALI AUTO BADIN,N,,67000
311,2026-03-13,25,AZAN AUTO BADIN,N,,24300
312,2026-03-13,115,HONDA KARACHI PAKISTAN CHOWK,N,,3100
313,2026-03-13,79,REHMAN AUTO AJMEER NAGRI,N,,41620
314,2026-03-13,73,HUSSAIN AUTO SHAH FAISAL,N,,1102000
315,2026-03-13,189,UBAID AUTO GULLSHAN 13D,N,,19480
316,2026-03-13,190,ASIF AUTO SABZI MANDI,N,,38680
317,2026-03-14,68,ARIF AUTOS LANDHI,N,,8000
318,2026-03-14,132,ADNAN AUTO FAST,N,,35400
319,2026-03-14,102,SALEEM MAMU,N,,13500
320,2026-03-14,147,JIJAL AUTO GHARO,N,,34600
321,2026-03-14,24,AYAN AUTOS CLIFTON,N,,20850
322,2026-03-16,104,HAMZA AUTO MOSMIYAT,N,,27600
324,2026-03-16,116,ASIF SUPPLIER ZIP 1,N,,18500
325,2026-03-16,162,M.S MURAD ORANGI,N,,6140
326,2026-03-16,156,SUMAIR AUTO GOLIMAR,N,,25600
327,2026-03-16,191,SHAFI AUTO GULSHAN IQBAL,N,,27500
328,2026-03-16,192,SUBHAN AUTO GULSHAN 13D,N,,42050
329,2026-03-16,193,KHAN AUTO PEOPELS CHOWRANGI,N,,28000
330,2026-03-17,194,HAMZA KHAN WHEEL RIM,N,,48300
331,2026-03-17,195,FARHAN W/P WHEEL RIM,N,,37920
332,2026-03-17,196,MAMA A-1 13D WHEEL RIM,N,,24000
333,2026-03-17,197,ALI MEHMODABAD WHEEL RIM,N,,20880
334,2026-03-17,198,KHAN SHAHRUKH W/RIM,N,,21420
335,2026-03-17,199,SUFI BILAL COLONY KORANGI,N,,44880
336,2026-03-17,200,AZAN LANDHI W/RIM,N,,24000
337,2026-03-17,201,SUMAIR GOLIMAR W/RIM,N,,20880
338,2026-03-17,202,RANA LANDHI W/RIM,N,,30960
339,2026-03-17,203,MASHALLAH WATER PUMP W/RIM,N,,48000
340,2026-03-17,141,ALI AUTO MEHMODABAD,N,,9400
341,2026-03-18,20,ALI AUTOS ISLAM CHOWK,N,,24000
342,2026-03-18,77,MALIK AUTO LINES AREA,N,,73050
343,2026-03-18,132,ADNAN AUTO FAST,N,,41000
344,2026-03-18,204,MADINA AUTO AL-ASIF SQUARE,N,,192150
345,2026-03-18,205,WAQAS TYRE ORANGI W/RIM,N,,127500
346,2026-03-18,206,AKBER SUZUKI,N,,1700
347,2026-03-18,207,B.S KORANGI 4 POOL,N,,15100
348,2026-03-18,185,R.R AUTO SURJANI,N,,74850
349,2026-03-19,104,HAMZA AUTO MOSMIYAT,N,,56000
350,2026-03-19,82,JUNAID AUTO AGRA TAJ,N,,39000
351,2026-03-19,104,HAMZA AUTO MOSMIYAT,N,,20400
352,2026-03-19,56,RAHIM BHAI CLASSIC MOTORCYCLE,N,,129360
353,2026-03-19,204,MADINA AUTO AL-ASIF SQUARE,N,,12750
354,2026-03-20,58,RAZA AUTOS KORANGI,N,,27000
355,2026-03-25,42,KHATAOMAL PANGRIO,N,,59200
356,2026-03-25,168,B.S AUTO QUAIDABAD,N,,45600
357,2026-03-26,138,ASIM BROTHERS MARKET,N,,34200
358,2026-03-26,91,ADNAN SURJANI 7B,N,,18900
359,2026-03-26,53,NOORANI AUTOS BADIN,N,,43200
360,2026-03-26,206,AKBER SUZUKI,N,,86900
361,2026-03-26,157,ASGHER AUTO UP,N,,23600
362,2026-03-27,190,ASIF AUTO SABZI MANDI,N,,25295
363,2026-03-27,208,DANISH AUTO KORANGI 51C,N,,24205
364,2026-03-27,116,ASIF SUPPLIER ZIP 1,N,,14250
365,2026-03-28,209,R-K AUTO MARKET,N,,20000
366,2026-03-28,25,AZAN AUTO BADIN,N,,38700
367,2026-03-28,210,SHAH JI AUTO PEOPELS CHOWK,N,,4800
368,2026-03-30,187,NASEER AUTO VINDER,N,,20700
369,2026-03-30,36,HADIA K1 NORTH NAZIMABAD,N,,13400
370,2026-03-30,211,ZAFAR AUTO SABZI MANDI,N,,24540
371,2026-03-30,67,JAMEEL AUTOS LEE MARKET,N,,159520
372,2026-03-30,68,ARIF AUTOS LANDHI,N,,76000
373,2026-03-30,153,JUNAID AUTO SHAHFAISAL,N,,57100
374,2026-03-30,169,TAYYAB AUTO MEHMODABAD,N,,14800
375,2026-03-30,132,ADNAN AUTO FAST,N,,155400
377,2026-03-31,213,YOUSUF AUTO GULLSHAN 13D,N,,11615
378,2026-03-31,214,YOUSUF AUTO 13D W/RIM,N,,8250
379,2026-03-31,215,M/S AUTO GULLSHAN 13D,N,,39800
380,2026-03-31,216,M/S AUTO 13D W/RIM,N,,15390
381,2026-03-31,182,SHAMA AUTO ELECTRIC W/P,N,,29000
382,2026-03-31,217,BISMILLAH AUTO WATER PUMP,N,,23490
383,2026-03-31,178,B.S ALIYAN AUTO WATER PUMP,N,,43720
384,2026-03-31,218,B.S ALIYAN WATER PUMP W/RIM,N,,11820
385,2026-03-31,210,SHAH JI AUTO PEOPELS CHOWK,N,,8800
386,2026-03-31,193,KHAN AUTO PEOPELS CHOWRANGI,N,,13900
387,2026-03-31,51,NEW KAKAR AUTOS PIDC,N,,18500
388,2026-03-31,104,HAMZA AUTO MOSMIYAT,N,,37000
389,2026-04-01,107,NIZAM AUTO MAYMAR,N,,39000
390,2026-04-01,158,PAKISTAN AUTO QUAIDABAD,N,,38150
391,2026-04-01,219,I.S AUTO PEHALWAN GOTH,N,,16500
392,2026-04-01,220,SHAFI AUTO MEMON GOTH,N,,18400
393,2026-04-01,221,WAJAHAT SUPPLIER MARKET,N,,67200
394,2026-04-01,109,BABU AUTO SINDHI HOTEL,N,,22450
395,2026-04-01,222,M.A AUTO UP,N,,98300
396,2026-04-01,141,ALI AUTO MEHMODABAD,N,,51400
397,2026-04-01,223,ABID AUTO LUCKY STAR,N,,19000
398,2026-04-01,82,JUNAID AUTO AGRA TAJ,N,,30550
399,2026-04-01,69,WAQAS AUTOS ISLAM CHOWK,N,,14000
400,2026-04-01,129,B.S AUTO AZIZABAD,N,,47300
401,2026-04-01,101,A.R AUTOS BAGH-E-KORANGI,N,,64870
402,2026-04-03,224,TIGER,N,,5150
403,2026-04-04,116,ASIF SUPPLIER ZIP 1,N,,15700
404,2026-04-04,51,NEW KAKAR AUTOS PIDC,N,,30000
405,2026-04-06,68,ARIF AUTOS LANDHI,N,,60000
406,2026-04-06,197,ALI MEHMODABAD WHEEL RIM,N,,31380
407,2026-04-06,60,RIZWAN SUPPLIER KORANGI,N,,24720
408,2026-04-06,153,JUNAID AUTO SHAHFAISAL,N,,19000
409,2026-04-06,133,YOUSUF AUTO SATO MAIL,N,,56450
410,2026-04-06,226,QISMAT AUTO TANDO GHULAM ALI,N,,40000
411,2026-04-06,25,AZAN AUTO BADIN,N,,52750
412,2026-04-06,227,HASNAIN AUTO KORANGI 51 A,N,,31280
413,2026-04-06,191,SHAFI AUTO GULSHAN IQBAL,N,,29000
414,2026-04-06,213,YOUSUF AUTO GULLSHAN 13D,N,,6400
415,2026-04-06,104,HAMZA AUTO MOSMIYAT,N,,32000
416,2026-04-06,36,HADIA K1 NORTH NAZIMABAD,N,,64500
417,2026-04-06,105,A.H AUTO ORANGI L BLOCK,N,,10675
418,2026-04-06,211,ZAFAR AUTO SABZI MANDI,N,,14660
419,2026-04-06,228,KHALIL AUTO RABIA CITY,N,,53875
420,2026-04-06,229,IMRAN AUTO FAQEERA GOTH,N,,48000
421,2026-04-06,231,STAR AUTO MALIR,N,,49850
422,2026-04-06,230,M.A AUTO KHOPRA PAR 4 NUMBER,N,,13150
423,2026-04-06,232,UNIQUE TRADERS KALA BOARD,N,,13150
424,2026-04-07,26,AZAN AUTOS JIMMY LANDHI,N,,18600
425,2026-04-07,233,SHAMIM AUTO KALA BOARD,N,,8075
429,2026-04-07,237,J&B AUTO SHAH LATIF,N,,130600
430,2026-04-07,238,IMRAN AUTO SHER PAO,N,,31550
431,2026-04-07,176,ANSARI AUTO DASTAGIR,N,,10320
432,2026-04-07,239,AL-HAJ AUTO MANSERA COLONY,N,,45300
433,2026-04-07,240,AKBER AUTO LIYARI 36,N,,11000
434,2026-04-07,156,SUMAIR AUTO GOLIMAR,N,,24500
435,2026-04-07,112,RAJPUT AUTO SABRI CHOWK ORANGI,N,,39200
436,2026-04-07,241,RAJPUT AUTO ORANGI W/RIM,N,,24300
437,2026-04-07,242,KING AUTO BEHAR COLONY,N,,8490
438,2026-04-08,234,QUETTA AUTO SHERPAO,N,,30500
439,2026-04-08,235,QUETTA AUTO BHAINS COLONY,N,,43200
440,2026-04-08,236,QUETTA AUTO SHAHLATIF,N,,30500
441,2026-04-08,115,HONDA KARACHI PAKISTAN CHOWK,N,,28200
442,2026-04-08,243,KAZIM AUTO BAG E KORANGI,N,,23220
443,2026-04-08,73,HUSSAIN AUTO SHAH FAISAL,N,,351600
444,2026-04-08,115,HONDA KARACHI PAKISTAN CHOWK,N,,10000
445,2026-04-09,244,SAHIBZADA AUTO 89 MKT,N,,13050
446,2026-04-09,245,IMRAN AUTO MALIR,N,,11300
447,2026-04-09,79,REHMAN AUTO AJMEER NAGRI,N,,19500
448,2026-04-09,144,TAJ AUTO MEHRAN TOWN 2,N,,27500
449,2026-04-10,246,NASIR AUTO PEOPELS CHORANGI,N,,27395
450,2026-04-10,189,UBAID AUTO GULLSHAN 13D,N,,24950
451,2026-04-10,180,ARSALAN AUTO 13D GULLSHAN,N,,24650
452,2026-04-10,213,YOUSUF AUTO GULLSHAN 13D,N,,2650
453,2026-04-10,154,HAFEEZ AUTO KHAN BELA,N,,205200
454,2026-04-10,244,SAHIBZADA AUTO 89 MKT,N,,25200
455,2026-04-10,245,IMRAN AUTO MALIR,N,,24000
456,2026-04-10,247,RIZWAN AUTO AZEEM PURA,N,,13150
457,2026-04-10,248,FAISAL AUTO AZEEM PURA,N,,37400
458,2026-04-10,170,ABDUL HADI AUTO DRIG ROAD,N,,24500
459,2026-04-10,167,QADRI AUTO SHAH FAISAL,N,,59580
460,2026-04-10,148,IRFAN AUTO SHAH FAISAL,N,,81000
462,2026-04-11,67,JAMEEL AUTOS LEE MARKET,N,,71000
463,2026-04-11,69,WAQAS AUTOS ISLAM CHOWK,N,,48100
464,2026-04-11,153,JUNAID AUTO SHAHFAISAL,N,,12750
465,2026-04-11,25,AZAN AUTO BADIN,N,,38400
466,2026-04-11,25,AZAN AUTO BADIN,N,,64800
467,2026-04-11,250,MOHSIN ZIP SHOP,N,,13470
468,2026-04-13,251,KARACHI AUTO QUAIDABAD,N,,12400
469,2026-04-13,116,ASIF SUPPLIER ZIP 1,N,,17600
470,2026-04-13,115,HONDA KARACHI PAKISTAN CHOWK,N,,10200
471,2026-04-13,71,HAMZA KHAN AUTOS ORANGI TOWN,N,,27000
472,2026-04-13,89,WAQAS TYRE TUBE ISLAM CHOWK,N,,26400
473,2026-04-14,252,OKASHA MEHAR,N,,64800
474,2026-04-14,42,KHATAOMAL PANGRIO,N,,119400
475,2026-04-14,116,ASIF SUPPLIER ZIP 1,N,,5750
476,2026-04-15,168,B.S AUTO QUAIDABAD,N,,24800
477,2026-04-15,253,IZZAT AGA AUTO RABIA CITY,N,,24600
478,2026-04-15,59,RIDER AUTO PARTS,N,,86400
479,2026-04-15,138,ASIM BROTHERS MARKET,N,,22800
480,2026-04-15,169,TAYYAB AUTO MEHMODABAD,N,,29100
481,2026-04-15,242,KING AUTO BEHAR COLONY,N,,15350
482,2026-04-15,141,ALI AUTO MEHMODABAD,N,,34000
483,2026-04-16,254,WARSI AUTO NAZIMABAD,N,,31950
484,2026-04-16,139,IQBAL AUTO BALDIA,N,,12750
485,2026-04-16,199,SUFI BILAL COLONY KORANGI,N,,23000
486,2026-04-16,181,MAKKA AUTO KORANGI 3 NUMBER,N,,24000
487,2026-04-16,207,B.S KORANGI 4 POOL,N,,27650
488,2026-04-16,137,KHAN SHAHRUKH AUTO KORANGI,N,,35750
489,2026-04-16,82,JUNAID AUTO AGRA TAJ,N,,18750
490,2026-04-17,57,RANA AUTOS LANDHI,N,,61700
491,2026-04-17,68,ARIF AUTOS LANDHI,N,,14500
492,2026-04-17,255,BABA & SONS KORANGI 5/2,N,,10500
493,2026-04-17,256,PARTS WALA AUTO LANDHI 6,N,,46500
494,2026-04-17,209,R-K AUTO MARKET,N,,24000
495,2026-04-17,199,SUFI BILAL COLONY KORANGI,N,,5800
496,2026-04-17,144,TAJ AUTO MEHRAN TOWN 2,N,,6500
497,2026-04-17,207,B.S KORANGI 4 POOL,N,,4900
498,2026-04-17,137,KHAN SHAHRUKH AUTO KORANGI,N,,6200
499,2026-04-17,120,BHATTI AUTO GULSHAN BLK 2,N,,14300
500,2026-04-18,132,ADNAN AUTO FAST,N,,78100
501,2026-04-18,154,HAFEEZ AUTO KHAN BELA,N,,69400
502,2026-04-18,115,HONDA KARACHI PAKISTAN CHOWK,N,,6500
503,2026-04-18,229,IMRAN AUTO FAQEERA GOTH,N,,12000
504,2026-04-18,257,FAISAL M.S.A.A. TRADERS,N,,700
505,2026-04-20,75,YASIR AUTOS SACHAL GOTH,N,,50850
506,2026-04-20,27,B.S BAKHTAWAR GOTH,N,,37600
508,2026-04-20,142,MADINA AUTO AZIZABAD,N,,30700
509,2026-04-20,173,B.S AUTO FARZAN BAK KORANGI,N,,16625
510,2026-04-20,259,IMRAN AUTO PEHALWAN GOTH,N,,61950
511,2026-04-20,132,ADNAN AUTO FAST,N,,11500
512,2026-04-20,115,HONDA KARACHI PAKISTAN CHOWK,N,,11500
513,2026-04-20,104,HAMZA AUTO MOSMIYAT,N,,22800
514,2026-04-21,149,SHEIKH AUTO PEHALWAN GOTH,N,,43140
515,2026-04-21,260,ASAD AUTO MALIR,N,,21350
516,2026-04-21,192,SUBHAN AUTO GULSHAN 13D,N,,33800
517,2026-04-21,215,M/S AUTO GULLSHAN 13D,N,,16450
518,2026-04-21,261,KASHIF R-K SHAH LATIF,N,,109800
519,2026-04-21,262,KASHIF R-K W/RIM,N,,16000
520,2026-04-22,73,HUSSAIN AUTO SHAH FAISAL,N,,385000
521,2026-04-22,236,QUETTA AUTO SHAHLATIF,N,,23400
522,2026-04-22,222,M.A AUTO UP,N,,25000
523,2026-04-22,57,RANA AUTOS LANDHI,N,,15000
524,2026-04-22,69,WAQAS AUTOS ISLAM CHOWK,N,,15000
525,2026-04-22,263,AL-MADINA AUTO WATER PUMP,N,,15000
526,2026-04-22,181,MAKKA AUTO KORANGI 3 NUMBER,N,,5750
527,2026-04-22,123,LUCKY AUTO WATER PUMP,N,,10000
528,2026-04-22,129,B.S AUTO AZIZABAD,N,,19850
529,2026-04-22,98,ASLAM AUTOS MARIPUR,N,,93500
530,2026-04-22,144,TAJ AUTO MEHRAN TOWN 2,N,,7500
531,2026-04-22,256,PARTS WALA AUTO LANDHI 6,N,,10200
532,2026-04-22,251,KARACHI AUTO QUAIDABAD,N,,16000
533,2026-04-22,42,KHATAOMAL PANGRIO,N,,12500
534,2026-04-22,141,ALI AUTO MEHMODABAD,N,,6500
535,2026-04-23,51,NEW KAKAR AUTOS PIDC,N,,26400
536,2026-04-23,171,MAMA JAMALI AUTO BADIN,N,,124000
537,2026-04-23,103,GHOUSIA AUTO JHUDDO,N,,24000
538,2026-04-23,137,KHAN SHAHRUKH AUTO KORANGI,N,,10000
539,2026-04-24,68,ARIF AUTOS LANDHI,N,,76000
540,2026-04-24,150,M UMER BADIN,N,,288800
541,2026-04-24,264,NOOR AUTO JHUDDO,N,,81500
542,2026-04-24,25,AZAN AUTO BADIN,N,,46000
543,2026-04-25,71,HAMZA KHAN AUTOS ORANGI TOWN,N,,42600
544,2026-04-25,130,ALVI AUTO BALDIA 4 NUMBER,N,,28400
545,2026-04-25,215,M/S AUTO GULLSHAN 13D,N,,14200
546,2026-04-25,217,BISMILLAH AUTO WATER PUMP,N,,11650
547,2026-04-25,265,ARIF AUTO RAHIM YAR KHAN,N,,34500
548,2026-04-25,116,ASIF SUPPLIER ZIP 1,N,,19150
549,2026-04-25,25,AZAN AUTO BADIN,N,,79000
550,2026-04-27,259,IMRAN AUTO PEHALWAN GOTH,N,,10300
551,2026-04-27,266,MADNI AUTO PEHALWAN GOTH,N,,38150
552,2026-04-27,267,HAFIZ AUTO PEHALWAN GOTH,N,,20840
553,2026-04-27,196,MAMA A-1 13D WHEEL RIM,N,,24000
554,2026-04-27,268,HANAN AUTO NAZIMABAD,N,,16995
555,2026-04-27,269,M/S AUTO SACHAL,N,,20440
556,2026-04-27,36,HADIA K1 NORTH NAZIMABAD,N,,35200
557,2026-04-27,102,SALEEM MAMU,N,MAMSAL AUTO,20580
558,2026-04-27,102,SALEEM MAMU,N,SUPER AUTO,23700
559,2026-04-27,213,YOUSUF AUTO GULLSHAN 13D,N,,16100
560,2026-04-27,215,M/S AUTO GULLSHAN 13D,N,,11000
561,2026-04-21,216,M/S AUTO 13D W/RIM,N,,8400
562,2026-04-27,169,TAYYAB AUTO MEHMODABAD,N,,5150
563,2026-04-28,270,SARWAR AUTO PEOPELS CHOWRANGI,N,,17460
564,2026-04-28,271,SALEEM AUTO PEOPELS CHOWRANGI,N,,17425
565,2026-04-28,272,KAMRAN AUTO SHEHDAD KOT,N,,64600
566,2026-04-28,273,RIZWAN AUTO MALIR,N,,24500
567,2026-04-28,232,UNIQUE TRADERS KALA BOARD,N,,12900
568,2026-04-28,274,A.M AUTO MALIR,N,,5780
569,2026-04-28,137,KHAN SHAHRUKH AUTO KORANGI,N,,8100
570,2026-04-28,23,AMJAD NOOR,N,,6550
571,2026-04-28,264,NOOR AUTO JHUDDO,N,,28200
573,2026-04-29,275,MUNAWAR GUMBHAT,N,,112350
574,2026-04-29,132,ADNAN AUTO FAST,N,,49000
575,2026-04-29,104,HAMZA AUTO MOSMIYAT,N,,15300
576,2026-04-29,25,AZAN AUTO BADIN,N,,32800
577,2026-04-30,170,ABDUL HADI AUTO DRIG ROAD,N,,55450
578,2026-04-30,220,SHAFI AUTO MEMON GOTH,N,,65780
579,2026-04-30,276,REHAN AUTO SHAH FAISAL,N,,31850
580,2026-05-02,246,NASIR AUTO PEOPELS CHORANGI,N,,21300
581,2026-05-02,153,JUNAID AUTO SHAHFAISAL,N,,29700
582,2026-05-02,277,NASIR MAQBOOL MKT,N,,5160
583,2026-05-02,104,HAMZA AUTO MOSMIYAT,N,,42800
584,2026-05-02,233,SHAMIM AUTO KALA BOARD,N,,5150
585,2026-05-04,210,SHAH JI AUTO PEOPELS CHOWK,N,,17145
586,2026-05-04,278,SHOAIB AUTO SACHAL,N,,23375
587,2026-05-04,279,HABIB AUTO MAYMAR,N,,50800
588,2026-05-04,280,MINHAJ AUTO MAYMAR,N,,24000
589,2026-05-04,282,SALEEM AUTO MAYMAR,N,,25800
590,2026-05-04,164,STAR AUTO MAYMAR,N,,32650
591,2026-05-04,281,SUBHAN ALLAH AUTO SACHAL,N,,45200
592,2026-05-04,251,KARACHI AUTO QUAIDABAD,N,,12550
593,2026-05-04,158,PAKISTAN AUTO QUAIDABAD,N,,62200
594,2026-05-04,221,WAJAHAT SUPPLIER MARKET,N,,46000
595,2026-05-04,132,ADNAN AUTO FAST,N,,28500
596,2026-05-04,231,STAR AUTO MALIR,N,,29000
597,2026-05-04,57,RANA AUTOS LANDHI,N,,142940
598,2026-05-04,156,SUMAIR AUTO GOLIMAR,N,,19800
599,2026-05-05,176,ANSARI AUTO DASTAGIR,N,,9250
600,2026-05-05,216,M/S AUTO 13D W/RIM,N,,8400
601,2026-05-05,69,WAQAS AUTOS ISLAM CHOWK,N,,107700
602,2026-05-05,73,HUSSAIN AUTO SHAH FAISAL,N,,245000
603,2026-05-06,215,M/S AUTO GULLSHAN 13D,N,,12000
604,2026-05-06,284,SAMI AUTO GULLSHAN 13D,N,,19710
605,2026-05-06,285,K.K AUTO RABIA CITY,N,,56920
606,2026-05-06,229,IMRAN AUTO FAQEERA GOTH,N,,29300
607,2026-05-06,286,QUETTA AUTO BAKRA PIRI MALIR,N,,18950
608,2026-05-06,82,JUNAID AUTO AGRA TAJ,N,,36150
609,2026-05-07,231,STAR AUTO MALIR,N,,25200
610,2026-05-07,114,TAJ AUTO MEHRAN TOWN 1,N,,19290
611,2026-05-07,107,NIZAM AUTO MAYMAR,N,,27750
612,2026-05-08,116,ASIF SUPPLIER ZIP 1,N,,27150
613,2026-05-08,58,RAZA AUTOS KORANGI,N,,20600
614,2026-05-08,196,MAMA A-1 13D WHEEL RIM,N,,8000
615,2026-05-08,89,WAQAS TYRE TUBE ISLAM CHOWK,N,,40800
616,2026-05-09,287,HAFEEZ AUTO GHAZI GOTH,N,,25750
617,2026-05-09,187,NASEER AUTO VINDER,N,,25310
618,2026-05-11,26,AZAN AUTOS JIMMY LANDHI,N,,40200
619,2026-05-11,101,A.R AUTOS BAGH-E-KORANGI,N,,72100
620,2026-05-11,289,GHAZI AUTO PEHALWAN GOTH,N,,29440
621,2026-05-11,290,AHSAN AUTO PEHALWAN GOTH,N,,5250
622,2026-05-11,291,FAISAL AUTO PEHAWAN GOTH,N,,17900
623,2026-05-12,266,MADNI AUTO PEHALWAN GOTH,N,,14500
624,2026-05-12,267,HAFIZ AUTO PEHALWAN GOTH,N,,7350
625,2026-05-12,213,YOUSUF AUTO GULLSHAN 13D,N,,6750
626,2026-05-12,105,A.H AUTO ORANGI L BLOCK,N,,3700
627,2026-05-12,25,AZAN AUTO BADIN,N,,48600
628,2026-05-12,292,AL-REHMAN AUTO MALIR,N,,12000
629,2026-05-12,273,RIZWAN AUTO MALIR,N,,24450
630,2026-05-12,293,SIDDIQUE AUTO LANDHI,N,,19550
631,2026-05-13,115,HONDA KARACHI PAKISTAN CHOWK,N,,14800
632,2026-05-13,68,ARIF AUTOS LANDHI,N,,25750
633,2026-05-13,26,AZAN AUTOS JIMMY LANDHI,N,,25750
634,2026-05-13,285,K.K AUTO RABIA CITY,N,,10300
635,2026-05-14,178,B.S ALIYAN AUTO WATER PUMP,N,,14750
636,2026-05-14,277,NASIR MAQBOOL MKT,N,,5160
637,2026-05-14,243,KAZIM AUTO BAG E KORANGI,N,,59690
638,2026-05-14,294,KAZIM AUTO BAG E KORANGI W/RIM,N,,11900
639,2026-05-14,295,SIDDIQUE AUTO BILAL COLONY,N,,10300
640,2026-05-14,116,ASIF SUPPLIER ZIP 1,N,,22100
641,2026-05-14,236,QUETTA AUTO SHAHLATIF,N,,62400
642,2026-05-14,164,STAR AUTO MAYMAR,N,,47700
643,2026-05-14,266,MADNI AUTO PEHALWAN GOTH,N,,5300
644,2026-05-14,213,YOUSUF AUTO GULLSHAN 13D,N,,15600
645,2026-05-14,178,B.S ALIYAN AUTO WATER PUMP,N,,15600
646,2026-05-14,187,NASEER AUTO VINDER,N,,11500
647,2026-05-15,296,ARIF AUTO TALHAR,N,BILTY PAID,95700
648,2026-05-15,150,M UMER BADIN,N,,222600
649,2026-05-15,115,HONDA KARACHI PAKISTAN CHOWK,N,,15900
650,2026-05-15,174,FAROOQ AUTO SHAH FAISAL,N,,20400
651,2026-05-16,297,AWAMI AUTO FAQEERA GOTH,N,,29400
652,2026-05-16,298,IQBAL AUTO QAIDABAD,N,,45188
653,2026-05-16,269,M/S AUTO SACHAL,N,,5200
654,2026-05-16,265,ARIF AUTO RAHIM YAR KHAN,N,,68400
655,2026-05-16,102,SALEEM MAMU,N,,5000
656,2026-05-16,149,SHEIKH AUTO PEHALWAN GOTH,N,,6000
657,2026-05-18,252,OKASHA MEHAR,N,,64800
658,2026-05-18,282,SALEEM AUTO MAYMAR,N,,19400
659,2026-05-18,299,HASHTAG TRADERS LANDHI 6,N,,9600
660,2026-05-18,251,KARACHI AUTO QUAIDABAD,N,,22250
661,2026-05-18,289,GHAZI AUTO PEHALWAN GOTH,N,,13300
662,2026-05-18,231,STAR AUTO MALIR,N,,30500
663,2026-05-18,300,RAZA AUTO MALIR,N,,16900
664,2026-05-18,181,MAKKA AUTO KORANGI 3 NUMBER,N,,5900
665,2026-05-18,301,MAKKA KORANGI #3 W/R,N,,8520
666,2026-05-18,270,SARWAR AUTO PEOPELS CHOWRANGI,N,,21050
667,2026-05-18,302,SARWAR AUTO W/RIM,N,,4200
669,2026-05-18,70,UNIQUE AUTOS LANDHI,N,,10400
670,2026-05-18,303,UNIQUE AUTO LANDHI W/RIM,N,,72000
671,2026-05-18,101,A.R AUTOS BAGH-E-KORANGI,N,,14500
672,2026-05-18,304,A.R AUTO KORANGI W/RIM,N,,8400
673,2026-05-18,233,SHAMIM AUTO KALA BOARD,N,,23650
674,2026-05-18,20,ALI AUTOS ISLAM CHOWK,N,,146510
675,2026-05-18,305,ALI AUTO ISLAM CHOWK W/RIM,N,,160000
676,2026-05-19,71,HAMZA KHAN AUTOS ORANGI TOWN,N,,97570
677,2026-05-20,197,ALI MEHMODABAD WHEEL RIM,N,,39600
678,2026-05-20,149,SHEIKH AUTO PEHALWAN GOTH,N,,20000
679,2026-05-20,278,SHOAIB AUTO SACHAL,N,,20000
680,2026-05-20,251,KARACHI AUTO QUAIDABAD,N,,20000
681,2026-05-20,233,SHAMIM AUTO KALA BOARD,N,,6000
682,2026-05-20,256,PARTS WALA AUTO LANDHI 6,N,,10400
683,2026-05-20,238,IMRAN AUTO SHER PAO,N,,23700
684,2026-05-20,243,KAZIM AUTO BAG E KORANGI,N,,10000
685,2026-05-21,36,HADIA K1 NORTH NAZIMABAD,N,,16300
686,2026-05-21,104,HAMZA AUTO MOSMIYAT,N,,55830
687,2026-05-21,25,AZAN AUTO BADIN,N,,72200
688,2026-05-21,77,MALIK AUTO LINES AREA,N,,60600
689,2026-05-22,57,RANA AUTOS LANDHI,N,,136000
690,2026-05-22,114,TAJ AUTO MEHRAN TOWN 1,N,,18225
691,2026-05-22,173,B.S AUTO FARZAN BAK KORANGI,N,,34300
692,2026-05-22,236,QUETTA AUTO SHAHLATIF,N,,27000
693,2026-05-23,133,YOUSUF AUTO SATO MAIL,N,,29460
694,2026-05-23,264,NOOR AUTO JHUDDO,N,,45000
695,2026-05-23,103,GHOUSIA AUTO JHUDDO,N,,23400
696,2026-05-23,150,M UMER BADIN,N,,53000
697,2026-05-25,132,ADNAN AUTO FAST,N,,39750
698,2026-05-25,253,IZZAT AGA AUTO RABIA CITY,N,,35700
699,2026-05-25,280,MINHAJ AUTO MAYMAR,N,,31400
700,2026-05-25,217,BISMILLAH AUTO WATER PUMP,N,,19050
701,2026-05-25,192,SUBHAN AUTO GULSHAN 13D,N,,17650
702,2026-05-25,307,SUBHAN AUTO 13D W/RIM,N,,8100
703,2026-05-25,216,M/S AUTO 13D W/RIM,N,,8400
704,2026-05-25,215,M/S AUTO GULLSHAN 13D,N,,5100
705,2026-05-25,267,HAFIZ AUTO PEHALWAN GOTH,N,,12725
706,2026-05-25,287,HAFEEZ AUTO GHAZI GOTH,N,,7350
707,2026-05-25,220,SHAFI AUTO MEMON GOTH,N,,6750
708,2026-05-26,149,SHEIKH AUTO PEHALWAN GOTH,N,,58500
709,2026-05-26,231,STAR AUTO MALIR,N,,20000
710,2026-05-26,246,NASIR AUTO PEOPELS CHORANGI,N,FROM KHAN AUTO,15950
711,2026-05-26,217,BISMILLAH AUTO WATER PUMP,N,FROM KHAN AUTO,4200
712,2026-05-26,308,SHAN AUTO MALIR,N,,11570
713,2026-06-01,112,RAJPUT AUTO SABRI CHOWK ORANGI,N,,72700
714,2026-06-01,130,ALVI AUTO BALDIA 4 NUMBER,N,,24700
715,2026-06-02,17,AHMED RAZA AUTOS REHMANIA MOR,N,,20860
716,2026-06-02,309,AHMED RAZA REHMANIA W/RIM,N,,25950
717,2026-06-02,36,HADIA K1 NORTH NAZIMABAD,N,,14500
718,2026-06-02,71,HAMZA KHAN AUTOS ORANGI TOWN,N,,26000
719,2026-06-02,254,WARSI AUTO NAZIMABAD,N,,9650
720,2026-06-02,159,WAQAS AUTO BUFFER ZONE,N,,18800
721,2026-06-02,83,SINDH KOHLI SAMARO,N,,28250
722,2026-06-02,296,ARIF AUTO TALHAR,N,BILTY PAID,98500
723,2026-06-02,116,ASIF SUPPLIER ZIP 1,N,,20825
724,2026-06-02,132,ADNAN AUTO FAST,N,,111000
725,2026-06-03,194,HAMZA KHAN WHEEL RIM,N,,45000
726,2026-06-03,226,QISMAT AUTO TANDO GHULAM ALI,N,,29300
727,2026-06-03,176,ANSARI AUTO DASTAGIR,N,,12050
728,2026-06-03,213,YOUSUF AUTO GULLSHAN 13D,N,,8370
729,2026-06-03,221,WAJAHAT SUPPLIER MARKET,N,,46000
730,2026-06-04,144,TAJ AUTO MEHRAN TOWN 2,N,,15700
731,2026-06-04,220,SHAFI AUTO MEMON GOTH,N,,51410
732,2026-06-08,116,ASIF SUPPLIER ZIP 1,N,,17160
733,2026-06-08,115,HONDA KARACHI PAKISTAN CHOWK,N,,26400
734,2026-06-08,92,OSAMA ISLAM CHOWK,N,,56700
735,2026-06-08,223,ABID AUTO LUCKY STAR,N,,14700
736,2026-06-08,310,TIGER AUTO LUCKY STAR,N,,14700
737,2026-06-08,68,ARIF AUTOS LANDHI,N,,51000
738,2026-06-08,311,INSAF AUTO LIYARI 36,N,,74555
739,2026-06-08,312,OSAMA ISLAM CHOWK W/RIM,N,,8700
740,2026-06-08,313,INSAF LIYARI 36 W/RIM,N,,33150
741,2026-06-08,314,DANIYAL AUTO AZAM BASTI,N,,29400
742,2026-06-08,188,ARSALAN IRSHAD LHR,N,,2600
743,2026-06-08,161,SHAYAN AUTO U.P,N,,48685
744,2026-06-08,315,SHAYAN AUTO UP W/RIM,N,,38560
745,2026-06-08,266,MADNI AUTO PEHALWAN GOTH,N,,24350
746,2026-06-09,316,ASLAM AUTO MAJEED COLONY,N,,12150
747,2026-06-09,274,A.M AUTO MALIR,N,,12060
748,2026-06-09,231,STAR AUTO MALIR,N,,25200
749,2026-06-09,232,UNIQUE TRADERS KALA BOARD,N,,18800
750,2026-06-09,286,QUETTA AUTO BAKRA PIRI MALIR,N,,6500
751,2026-06-09,157,ASGHER AUTO UP,N,,38000
752,2026-06-09,213,YOUSUF AUTO GULLSHAN 13D,N,,21450
753,2026-06-10,317,MAST QALANDAR AUTO MATLI,N,,15050
754,2026-06-10,295,SIDDIQUE AUTO BILAL COLONY,N,,15650
755,2026-06-10,311,INSAF AUTO LIYARI 36,N,,2850
756,2026-06-10,223,ABID AUTO LUCKY STAR,N,,8850
757,2026-06-10,310,TIGER AUTO LUCKY STAR,N,,8850
758,2026-06-10,266,MADNI AUTO PEHALWAN GOTH,N,,5400
759,2026-06-10,286,QUETTA AUTO BAKRA PIRI MALIR,N,,15600
760,2026-06-10,232,UNIQUE TRADERS KALA BOARD,N,,2600
761,2026-06-10,274,A.M AUTO MALIR,N,,2600
762,2026-06-10,316,ASLAM AUTO MAJEED COLONY,N,,15600
763,2026-06-10,25,AZAN AUTO BADIN,N,BILTY PAID,46800
764,2026-06-10,25,AZAN AUTO BADIN,N,,30000
765,2026-06-10,157,ASGHER AUTO UP,N,,75900
766,2026-06-10,82,JUNAID AUTO AGRA TAJ,N,,20000
767,2026-06-10,102,SALEEM MAMU,N,SUPER AUTO,19000
768,2026-06-10,157,ASGHER AUTO UP,N,,5400
769,2026-06-10,67,JAMEEL AUTOS LEE MARKET,N,,20000
770,2026-06-10,181,MAKKA AUTO KORANGI 3 NUMBER,N,,16000
771,2026-06-11,318,B.S AUTO VINDER,N,,14300
772,2026-06-12,70,UNIQUE AUTOS LANDHI,N,,177000
773,2026-06-12,28,SHOAIB AHMED ZIP 1,N,,9500
774,2026-06-12,97,BHITTAI AUTOS SAMARO,N,,70500
775,2026-06-12,138,ASIM BROTHERS MARKET,N,,22800
776,2026-06-13,227,HASNAIN AUTO KORANGI 51 A,N,,31200
777,2026-06-13,319,BILAL JAN AUTO GAWADAR,N,,44840
778,2026-06-13,320,SHAHZAD AUTO GAWADAR,N,,21517.75
779,2026-06-13,320,SHAHZAD AUTO GAWADAR,N,,69160
780,2026-06-13,321,NASEER AUTO LIYARI 36,N,,79700
781,2026-06-13,276,REHAN AUTO SHAH FAISAL,N,,10400
783,2026-06-15,322,MIRAJ AUTO M.KHAN GOTH,N,,22450
784,2026-06-15,211,ZAFAR AUTO SABZI MANDI,N,,12940
785,2026-06-15,253,IZZAT AGA AUTO RABIA CITY,N,,32950
786,2026-06-15,101,A.R AUTOS BAGH-E-KORANGI,N,,21550
787,2026-06-15,115,HONDA KARACHI PAKISTAN CHOWK,N,,9300
788,2026-06-15,116,ASIF SUPPLIER ZIP 1,N,,15800
789,2026-06-15,323,MAKRAN AUTO TURBAT,N,,114760
790,2026-06-15,324,DODA AUTO TURBAT,N,,26163
791,2026-06-15,324,DODA AUTO TURBAT,N,,75240
792,2026-06-16,96,GHAZI AUTOS GOLARCHI,N,,26400
793,2026-06-16,53,NOORANI AUTOS BADIN,N,,68400
794,2026-06-16,325,ARYAN AUTO SUJAWAL,N,,45000
795,2026-06-16,132,ADNAN AUTO FAST,N,,69000
796,2026-06-16,324,DODA AUTO TURBAT,N,,33000
797,2026-06-17,158,PAKISTAN AUTO QUAIDABAD,N,,18500
798,2026-06-17,189,UBAID AUTO GULLSHAN 13D,N,,24000
799,2026-06-17,109,BABU AUTO SINDHI HOTEL,N,,39600
800,2026-06-17,327,AJMERI AUTO SINDHI HOTEL,N,,19125
801,2026-06-18,298,IQBAL AUTO QAIDABAD,N,,7060
802,2026-06-18,330,MADINA AUTO QUAIDABAD,N,,26080
803,2026-06-18,129,B.S AUTO AZIZABAD,N,,31200
804,2026-06-18,331,M.UMAR AUTO NASIR JUMP KORANGI,N,,47900
805,2026-06-18,144,TAJ AUTO MEHRAN TOWN 2,N,,36925
806,2026-06-18,199,SUFI BILAL COLONY KORANGI,N,,50850
807,2026-06-18,215,M/S AUTO GULLSHAN 13D,N,,51450
808,2026-06-18,216,M/S AUTO 13D W/RIM,N,,10620
809,2026-06-18,154,HAFEEZ AUTO KHAN BELA,N,,131000
810,2026-06-18,248,FAISAL AUTO AZEEM PURA,N,,20300
811,2026-06-18,332,ALTAF HAIR DRESER,N,,9650
812,2026-06-19,59,RIDER AUTO PARTS,N,,528050
813,2026-06-20,42,KHATAOMAL PANGRIO,N,,51500
814,2026-06-20,333,A-ONE AUTO NUKOT,N,,65200
815,2026-06-20,221,WAJAHAT SUPPLIER MARKET,N,,1250
816,2026-06-22,297,AWAMI AUTO FAQEERA GOTH,N,,21550
817,2026-06-22,229,IMRAN AUTO FAQEERA GOTH,N,,58400
818,2026-06-22,25,AZAN AUTO BADIN,N,,169200
819,2026-06-22,60,RIZWAN SUPPLIER KORANGI,N,,38500
820,2026-06-22,222,M.A AUTO UP,N,,37080
821,2026-06-22,285,K.K AUTO RABIA CITY,N,,39300
822,2026-06-22,273,RIZWAN AUTO MALIR,N,,28670
823,2026-06-22,231,STAR AUTO MALIR,N,,57300
824,2026-06-23,116,ASIF SUPPLIER ZIP 1,N,,8700
825,2026-06-23,36,HADIA K1 NORTH NAZIMABAD,N,,19900
826,2026-06-27,187,NASEER AUTO VINDER,N,,31560
827,2026-06-27,335,MAHROOF AUTO SHAH FAISAL,N,,27550
828,2026-06-27,336,DEEWAN AUTO SHAH FAISAL,N,,14140
829,2026-06-27,276,REHAN AUTO SHAH FAISAL,N,,20650
830,2026-06-27,123,LUCKY AUTO WATER PUMP,N,,26000
831,2026-06-27,263,AL-MADINA AUTO WATER PUMP,N,,26000
832,2026-06-27,68,ARIF AUTOS LANDHI,N,,51000
833,2026-06-27,192,SUBHAN AUTO GULSHAN 13D,N,,25750
834,2026-06-27,213,YOUSUF AUTO GULLSHAN 13D,N,,13770
835,2026-06-27,109,BABU AUTO SINDHI HOTEL,N,,28500
836,2026-06-27,178,B.S ALIYAN AUTO WATER PUMP,N,,28950
837,2026-06-27,218,B.S ALIYAN WATER PUMP W/RIM,N,,8100
838,2026-06-27,217,BISMILLAH AUTO WATER PUMP,N,,12000
839,2026-06-27,246,NASIR AUTO PEOPELS CHORANGI,N,,26000
840,2026-06-27,36,HADIA K1 NORTH NAZIMABAD,N,,6800
841,2026-06-27,337,NOORANI AUTO SAFORA,N,,101350
842,2026-06-27,281,SUBHAN ALLAH AUTO SACHAL,N,,12500
843,2026-06-29,270,SARWAR AUTO PEOPELS CHOWRANGI,N,,25360
844,2026-06-29,267,HAFIZ AUTO PEHALWAN GOTH,N,,8800
845,2026-06-29,192,SUBHAN AUTO GULSHAN 13D,N,,5250
846,2026-06-29,297,AWAMI AUTO FAQEERA GOTH,N,,7000
847,2026-06-29,280,MINHAJ AUTO MAYMAR,N,,24000
848,2026-06-29,282,SALEEM AUTO MAYMAR,N,,11000
849,2026-06-29,338,REHMAN AUTO JANJAL GOTH,N,,75800
850,2026-06-29,25,AZAN AUTO BADIN,N,FOC,1
851,2026-06-29,158,PAKISTAN AUTO QUAIDABAD,N,,9450
852,2026-06-30,166,M.A AUTO VINDER,N,,14200
853,2026-06-30,25,AZAN AUTO BADIN,N,,58200
854,2026-06-30,116,ASIF SUPPLIER ZIP 1,N,,7740
855,2026-06-30,340,HAJI AUTO JAMALI PULL,N,,122550
856,2026-06-30,101,A.R AUTOS BAGH-E-KORANGI,N,,33100
857,2026-06-30,341,OWAIS AUTO U.P,N,,10000
858,2026-06-30,342,AWAMI AUTO W/RIM,N,,17000
859,2026-07-01,168,B.S AUTO QUAIDABAD,N,,99000
860,2026-07-01,337,NOORANI AUTO SAFORA,N,,2500
861,2026-07-01,206,AKBER SUZUKI,N,,2000
862,2026-07-02,81,TAYYABA AUTO SURJANI,N,,70700
863,2026-07-02,247,RIZWAN AUTO AZEEM PURA,N,,10500
864,2026-07-04,148,IRFAN AUTO SHAH FAISAL,N,,43750
865,2026-07-06,115,HONDA KARACHI PAKISTAN CHOWK,N,,15900
866,2026-07-06,267,HAFIZ AUTO PEHALWAN GOTH,N,,7000
867,2026-07-06,68,ARIF AUTOS LANDHI,N,,38380
868,2026-07-06,80,HUSSAIN AUTO AJMEER NAGRI,N,,60825
869,2026-07-06,125,MADINA AUTO SAFORA,N,,12300
870,2026-07-06,289,GHAZI AUTO PEHALWAN GOTH,N,,17000
871,2026-07-06,204,MADINA AUTO AL-ASIF SQUARE,N,,135000
873,2026-07-07,220,SHAFI AUTO MEMON GOTH,N,,59200
874,2026-07-07,344,KARACHI AUTO MALIR JINNAH SQUA,N,,5250
875,2026-07-07,345,SAMI AUTO MALIR KALA BOARD,N,,13300
876,2026-07-07,292,AL-REHMAN AUTO MALIR,N,,21500
877,2026-07-07,132,ADNAN AUTO FAST,N,,75800
878,2026-07-07,116,ASIF SUPPLIER ZIP 1,N,,18175
879,2026-07-07,70,UNIQUE AUTOS LANDHI,N,,171000
880,2026-07-07,238,IMRAN AUTO SHER PAO,N,,37200
881,2026-07-07,234,QUETTA AUTO SHERPAO,N,,15600
882,2026-07-07,342,AWAMI AUTO W/RIM,N,,17000
883,2026-07-07,239,AL-HAJ AUTO MANSERA COLONY,N,,17800
884,2026-07-08,298,IQBAL AUTO QAIDABAD,N,,4100
885,2026-07-08,245,IMRAN AUTO MALIR,N,,24000
886,2026-07-08,215,M/S AUTO GULLSHAN 13D,N,,14450
887,2026-07-08,216,M/S AUTO 13D W/RIM,N,,8400
888,2026-07-08,231,STAR AUTO MALIR,N,,43100
889,2026-07-09,299,HASHTAG TRADERS LANDHI 6,N,,31525
890,2026-07-09,192,SUBHAN AUTO GULSHAN 13D,N,,7600
891,2026-07-09,213,YOUSUF AUTO GULLSHAN 13D,N,,3620
892,2026-07-09,82,JUNAID AUTO AGRA TAJ,N,,63250
893,2026-07-09,132,ADNAN AUTO FAST,N,,22800
894,2026-07-10,167,QADRI AUTO SHAH FAISAL,N,,35775
895,2026-07-10,69,WAQAS AUTOS ISLAM CHOWK,N,SCHEME BILL,229841.5
896,2026-07-10,153,JUNAID AUTO SHAHFAISAL,N,,20273
897,2026-07-10,57,RANA AUTOS LANDHI,N,,70325
898,2026-07-10,287,HAFEEZ AUTO GHAZI GOTH,N,,75000
899,2026-07-10,336,DEEWAN AUTO SHAH FAISAL,N,,7100
900,2026-07-10,293,SIDDIQUE AUTO LANDHI,N,,6320
901,2026-07-11,47,MASHOOD SUPPLIER,N,,3800
902,2026-07-11,60,RIZWAN SUPPLIER KORANGI,N,,49761
903,2026-07-11,57,RANA AUTOS LANDHI,N,,33174
904,2026-07-11,287,HAFEEZ AUTO GHAZI GOTH,N,,15600
905,2026-07-11,336,DEEWAN AUTO SHAH FAISAL,N,,2650
906,2026-07-11,204,MADINA AUTO AL-ASIF SQUARE,N,,128440
907,2026-07-11,192,SUBHAN AUTO GULSHAN 13D,N,,5200
908,2026-07-13,347,S.K AUTO PEHALWAN GOTH,N,,5800
909,2026-07-13,348,MUKHTAR AUTO KAMRAN CHORANGI,N,,20650
910,2026-07-13,36,HADIA K1 NORTH NAZIMABAD,N,,5250
911,2026-07-13,58,RAZA AUTOS KORANGI,N,,13100
912,2026-07-13,222,M.A AUTO UP,N,,297043.5
913,2026-07-13,153,JUNAID AUTO SHAHFAISAL,N,,43650
914,2026-07-13,68,ARIF AUTOS LANDHI,N,,88351
915,2026-07-13,321,NASEER AUTO LIYARI 36,N,,70034
916,2026-07-14,164,STAR AUTO MAYMAR,N,,66275
917,2026-07-14,281,SUBHAN ALLAH AUTO SACHAL,N,,50000
918,2026-07-14,349,SALEEM AUTO HASNABAD,N,,23700
919,2026-07-14,308,SHAN AUTO MALIR,N,,12550
920,2026-07-14,116,ASIF SUPPLIER ZIP 1,N,,11200
921,2026-07-14,153,JUNAID AUTO SHAHFAISAL,N,,20176
922,2026-07-15,71,HAMZA KHAN AUTOS ORANGI TOWN,N,,138710
923,2026-07-15,150,M UMER BADIN,N,BILTY PAID,354960
924,2026-07-15,68,ARIF AUTOS LANDHI,N,,26190
925,2026-07-15,153,JUNAID AUTO SHAHFAISAL,N,,26190
926,2026-07-15,222,M.A AUTO UP,N,,26190
927,2026-07-15,69,WAQAS AUTOS ISLAM CHOWK,N,,26190
928,2026-07-15,82,JUNAID AUTO AGRA TAJ,N,,26190
929,2026-07-15,70,UNIQUE AUTOS LANDHI,N,,26190
930,2026-07-15,132,ADNAN AUTO FAST,N,,25000
931,2026-07-15,231,STAR AUTO MALIR,N,,30450
932,2026-07-15,287,HAFEEZ AUTO GHAZI GOTH,N,,36000
933,2026-07-15,243,KAZIM AUTO BAG E KORANGI,N,,99546.25
934,2026-07-15,350,HUZAIFA AUTO KORANGI 5/1,N,,22400
935,2026-07-16,295,SIDDIQUE AUTO BILAL COLONY,N,,17100
936,2026-07-16,173,B.S AUTO FARZAN BAK KORANGI,N,,19250
937,2026-07-16,25,AZAN AUTO BADIN,N,,79150
938,2026-07-16,158,PAKISTAN AUTO QUAIDABAD,N,,16050
939,2026-07-17,351,QASIM AUTO HUB CHOWKI,N,,56700
940,2026-07-17,60,RIZWAN SUPPLIER KORANGI,N,,108319.9
941,2026-07-17,70,UNIQUE AUTOS LANDHI,N,,18650
942,2026-07-17,215,M/S AUTO GULLSHAN 13D,N,,7750
943,2026-07-17,216,M/S AUTO 13D W/RIM,N,,16800
944,2026-07-17,178,B.S ALIYAN AUTO WATER PUMP,N,,5850
945,2026-07-18,285,K.K AUTO RABIA CITY,N,,35550.5
946,2026-07-18,352,K.K AUTO RABIA CITY W/RIM,N,,16800
947,2026-07-18,351,QASIM AUTO HUB CHOWKI,N,,12300
948,2026-07-18,187,NASEER AUTO VINDER,N,,14100
949,2026-07-20,26,AZAN AUTOS JIMMY LANDHI,N,,101122.5
950,2026-07-20,153,JUNAID AUTO SHAHFAISAL,N,,15374.5
951,2026-07-20,156,SUMAIR AUTO GOLIMAR,N,,78744.6
952,2026-07-20,228,KHALIL AUTO RABIA CITY,N,,27500
953,2026-07-20,253,IZZAT AGA AUTO RABIA CITY,N,,50250
954,2026-07-20,338,REHMAN AUTO JANJAL GOTH,N,,39300
955,2026-07-20,220,SHAFI AUTO MEMON GOTH,N,,18400
956,2026-07-20,235,QUETTA AUTO BHAINS COLONY,N,,25200
957,2026-07-20,299,HASHTAG TRADERS LANDHI 6,N,,53000
958,2026-07-20,266,MADNI AUTO PEHALWAN GOTH,N,,25940
959,2026-07-20,137,KHAN SHAHRUKH AUTO KORANGI,N,,55550
960,2026-07-20,353,MUNAWWAR AUTO MALIR,N,,16900
961,2026-07-21,273,RIZWAN AUTO MALIR,N,,32700
962,2026-07-21,320,SHAHZAD AUTO GAWADAR,N,,118560
963,2026-07-22,292,AL-REHMAN AUTO MALIR,N,,10500
964,2026-07-22,336,DEEWAN AUTO SHAH FAISAL,N,,15500
965,2026-07-22,109,BABU AUTO SINDHI HOTEL,N,,61950
966,2026-07-22,217,BISMILLAH AUTO WATER PUMP,N,,55900
967,2026-07-22,116,ASIF SUPPLIER ZIP 1,N,,10005
968,2026-07-23,330,MADINA AUTO QUAIDABAD,N,,21050
969,2026-07-23,98,ASLAM AUTOS MARIPUR,N,,157350
970,2026-07-23,343,RAZA AUTO PANGRIO,N,,64830
971,2026-07-23,220,SHAFI AUTO MEMON GOTH,N,,6750
972,2026-07-23,287,HAFEEZ AUTO GHAZI GOTH,N,,18090
973,2026-07-24,53,NOORANI AUTOS BADIN,N,,152950
974,2026-07-24,242,KING AUTO BEHAR COLONY,N,,13400
975,2026-07-24,101,A.R AUTOS BAGH-E-KORANGI,N,,15500
976,2026-07-25,14,ZIP,N,,50460
977,2026-07-27,36,HADIA K1 NORTH NAZIMABAD,N,,60400
978,2026-07-27,311,INSAF AUTO LIYARI 36,N,,24444
979,2026-07-27,78,MARWAT AUTO SCOUT COLONY,N,,7050
980,2026-07-27,355,A.B AUTO GHANIABAD,N,,24900
981,2026-07-27,289,GHAZI AUTO PEHALWAN GOTH,N,,8000
982,2026-07-27,171,MAMA JAMALI AUTO BADIN,N,,14000
983,2026-07-27,356,AMAN AUTO SADI TOWN,N,,104032.5
984,2026-07-27,51,NEW KAKAR AUTOS PIDC,N,,26400
985,2026-07-27,166,M.A AUTO VINDER,N,,8450
986,2026-07-27,70,UNIQUE AUTOS LANDHI,N,,20000
987,2026-07-28,150,M UMER BADIN,N,,72000
988,2026-07-28,149,SHEIKH AUTO PEHALWAN GOTH,N,,80000
989,2026-07-28,116,ASIF SUPPLIER ZIP 1,N,,5750
991,2026-07-28,347,S.K AUTO PEHALWAN GOTH,N,,5100
992,2026-07-28,220,SHAFI AUTO MEMON GOTH,N,,49850
993,2026-07-28,60,RIZWAN SUPPLIER KORANGI,N,,19400
994,2026-07-29,104,HAMZA AUTO MOSMIYAT,N,,22800
995,2026-07-29,150,M UMER BADIN,N,BILTY PAID,63000
996,2026-07-29,25,AZAN AUTO BADIN,N,BILTY PAID,9500
997,2026-07-30,114,TAJ AUTO MEHRAN TOWN 1,N,,24450
998,2026-07-30,192,SUBHAN AUTO GULSHAN 13D,N,,14239.6
999,2026-07-30,295,SIDDIQUE AUTO BILAL COLONY,N,,13875
1000,2026-07-30,82,JUNAID AUTO AGRA TAJ,N,,43262
1001,2026-07-31,213,YOUSUF AUTO GULLSHAN 13D,N,,11766.1
1002,2026-07-31,209,R-K AUTO MARKET,N,,10000
1003,2026-07-31,238,IMRAN AUTO SHER PAO,N,,30900
1004,2026-07-31,14,ZIP,N,,5445
1005,2026-07-31,357,ADIL AUTO UP MARKET,N,,53835
1006,2026-08-01,337,NOORANI AUTO SAFORA,N,,103741.5
1007,2026-08-01,125,MADINA AUTO SAFORA,N,,4550
50001,2026-02-07,1,RETAIL SALE,N,CASH SALE,4020
50002,2026-02-18,1,RETAIL SALE,N,CASH COUNTER,2650
50003,2026-03-10,1,RETAIL SALE,N,CASH SALE,2000
50004,2026-03-18,1,RETAIL SALE,N,,500
50005,2026-03-31,1,RETAIL SALE,N,CASH SALE,3800
50006,2026-04-01,1,RETAIL SALE,N,CASH SALE,2350
50007,2026-04-06,1,RETAIL SALE,N,,72
50009,2026-05-09,155,HAFEEZ ENGINEERING WORKS LHR,Y,,11600
50010,2026-06-02,1,RETAIL SALE,N,CASH SALE,2630
50011,2026-06-10,1,RETAIL SALE,N,,33
50012,2026-06-19,1,RETAIL SALE,N,HAIDER BIKE EXP,370
50013,2026-06-19,1,RETAIL SALE,N,CASH SALE,2600
50014,2026-06-23,334,PAK AUTO SHAHFAISAL SECTOR 22B,N,,68550
50015,2026-06-29,86,KAIZEN,Y,,68530
50016,2026-07-06,76,ANWER ENGINERING,Y,,2450
50017,2026-07-15,1,RETAIL SALE,N,SADDAM KO DIYE MAGNET K LIYE,124800
50018,2026-07-16,94,SHAMS BHAI,Y,,16860
50019,2026-07-16,155,HAFEEZ ENGINEERING WORKS LHR,Y,,120600
50020,2026-07-16,163,HAMID LHR,Y,,8700
