invno,invdate,ccode,supplier,is_return,supplier_inv_no,supplier_inv_date,remarks,freight,amount
10,2025-10-10,6,GRANDTECH,N,,,,0,17000
11,2025-10-20,11,SHAHID BATTERY,N,,,,0,99600
12,2025-10-22,3,A.R.S SPROCKET,N,,,,0,103500
13,2025-10-25,6,GRANDTECH,N,,,,0,24500
14,2025-11-08,14,ZIP,N,,,SENT TO SPOKE LAHORE,0,61471.8
15,2025-11-10,10,RASHID PRINTER,N,,,,0,57000
16,2025-11-10,13,WELCOME BMS BRAKESHOE,N,,,,0,231800
17,2025-11-11,4,AHMED SPOKE LAHORE,N,,,,0,100070
18,2025-11-11,5,ARIF ENTERPRISES,N,,,,0,564000
19,2025-11-12,10,RASHID PRINTER,N,,,,0,121520
20,2025-11-12,3,A.R.S SPROCKET,N,,,,0,103500
21,2025-11-13,12,UNIVERSAL OIL,N,,,,0,89000
22,2025-11-14,13,WELCOME BMS BRAKESHOE,N,,,,0,228600
23,2025-11-26,4,AHMED SPOKE LAHORE,N,,,,0,306500
24,2025-11-26,13,WELCOME BMS BRAKESHOE,N,,,,0,257250
25,2025-12-03,4,AHMED SPOKE LAHORE,N,,,,0,245700
26,2025-12-04,3,A.R.S SPROCKET,N,,,"200 CHAIN KIT PACKING EXPENSE, 100 CHAIN KIT PACKING EXPENSE (WITH CARTON THELI)",9500,241500
29,2025-12-05,3,A.R.S SPROCKET,N,,,,0,
30,2025-12-12,3,A.R.S SPROCKET,N,,,340 CHAIN KIT PACKING EXPENSE (WITH CARTON THELI),11900,294100
31,2025-12-15,14,ZIP,N,,,,0,16590
32,2025-12-15,76,ANWER ENGINERING,N,,,,0,227520
33,2025-12-18,3,A.R.S SPROCKET,N,,,"210 CHAIN KIT PACKING EXPENSE WITH CARTON THELI, 310 CHAIN KIT PACKING EXPENSE",16650,421900
34,2025-12-18,3,A.R.S SPROCKET,N,,,"490 CHAIN KIT PACKING EXPENSE WITH THELI 17,150",17150,423850
35,2025-12-19,4,AHMED SPOKE LAHORE,N,,,,0,209000
36,2025-12-20,1,RETAIL SALE,N,,,,0,
37,2025-12-20,87,CARBURETOR,N,,,,0,237000
38,2025-12-08,88,AHSAN JALIL,N,,,,0,751200
40,2025-11-08,14,ZIP,N,,,SENT TO A.R.S,0,38491.5
41,2025-12-08,14,ZIP,N,,,,0,148
42,2025-12-08,86,KAIZEN,N,,,,0,26495
43,2025-12-20,14,ZIP,N,,,,0,3750
44,2025-12-22,95,5M PACKAGES,N,,,,0,42700
45,2025-12-26,3,A.R.S SPROCKET,N,,,110 CHAIN KIT PACKING EXPENSE WITH CARTON THELI,3850,136000
46,2026-01-19,88,AHSAN JALIL,N,,,,0,372000
47,2026-01-20,6,GRANDTECH,N,,,,0,200000
48,2026-01-28,127,ZHOULI ENGINEERING,N,,,,0,469999.2
49,2026-01-28,4,AHMED SPOKE LAHORE,N,,,,0,665000
50,2026-01-28,94,SHAMS BHAI,N,,,,0,750000
51,2026-01-28,131,ROYAL KING R-K,N,,,,0,290000
52,2026-01-13,76,ANWER ENGINERING,N,,,,0,51800
53,2026-02-02,135,UZAIR SPOKE,N,,,,0,110000
54,2026-02-03,77,MALIK AUTO LINES AREA,Y,,,,0,29400
55,2026-02-05,136,CROWN,N,,,,0,1514160
56,2026-02-09,13,WELCOME BMS BRAKESHOE,N,,,,0,131040
57,2026-02-10,136,CROWN,N,,,,0,70000
58,2026-02-13,127,ZHOULI ENGINEERING,N,,,,0,184052
59,2026-02-13,143,YOUSUF ENGINERING LHR,N,,,,0,67000
60,2026-02-13,143,YOUSUF ENGINERING LHR,N,,,,0,69000
61,2026-02-14,6,GRANDTECH,N,,,,0,200000
62,2026-02-16,51,NEW KAKAR AUTOS PIDC,Y,,,,0,37500
63,2026-02-18,13,WELCOME BMS BRAKESHOE,N,,,,0,93940
64,2026-02-18,151,PIRANI ENGINERING,N,,,,0,338100
65,2026-02-19,11,SHAHID BATTERY,N,,,,0,197500
66,2026-02-19,23,AMJAD NOOR,N,,,,0,90000
67,2026-02-21,152,ABDUL MANAN,N,,,,0,46676
68,2026-02-21,23,AMJAD NOOR,Y,,,,0,12460
69,2026-02-25,4,AHMED SPOKE LAHORE,N,,,,0,323600
70,2026-02-26,155,HAFEEZ ENGINEERING WORKS LHR,N,,,,0,1229500
71,2026-02-27,24,AYAN AUTOS CLIFTON,Y,,,,0,6380
72,2026-02-28,13,WELCOME BMS BRAKESHOE,N,,,,0,135300
73,2026-03-02,76,ANWER ENGINERING,N,,,,0,257000
74,2026-03-02,37,HANIF SUPPLIER,Y,,,,0,12500
75,2026-03-03,163,HAMID LHR,N,,,,0,300000
76,2026-03-05,13,WELCOME BMS BRAKESHOE,N,,,,0,138600
77,2026-03-05,6,GRANDTECH,N,,,,0,205000
78,2026-03-05,86,KAIZEN,N,,,,0,102690
80,2026-03-06,129,B.S AUTO AZIZABAD,Y,,,,0,2900
81,2026-03-12,37,HANIF SUPPLIER,Y,,,,0,24750
82,2026-03-12,23,AMJAD NOOR,Y,,,,0,9800
83,2026-03-13,163,HAMID LHR,N,,,,0,279000
84,2026-03-13,188,ARSALAN IRSHAD LHR,N,,,,0,349800
85,2026-03-13,88,AHSAN JALIL,N,,,,0,907700
86,2026-03-18,86,KAIZEN,N,,,,0,13300
87,2026-03-18,94,SHAMS BHAI,N,,,,0,750000
88,2026-03-18,1,RETAIL SALE,N,,,,0,500
89,2026-03-18,76,ANWER ENGINERING,N,,,,0,85000
90,2026-03-19,11,SHAHID BATTERY,N,,,,0,105600
91,2026-03-26,188,ARSALAN IRSHAD LHR,N,,,,0,413800
92,2026-03-26,188,ARSALAN IRSHAD LHR,N,,,,0,481800
93,2026-03-27,68,ARIF AUTOS LANDHI,Y,,,,0,19460
94,2026-03-28,128,ZAIB AUTO WATER PUMP,Y,,,,0,4800
95,2026-04-01,151,PIRANI ENGINERING,N,,,,0,598400
96,2026-04-04,136,CROWN,N,,,,0,70000
97,2026-04-04,225,SALEEM TAHIR,N,,,,0,53480
99,2026-04-07,204,MADINA AUTO AL-ASIF SQUARE,Y,,,,0,17550
100,2026-04-06,112,RAJPUT AUTO SABRI CHOWK ORANGI,Y,,,,0,161280
101,2026-04-08,69,WAQAS AUTOS ISLAM CHOWK,Y,,,,0,129200
102,2026-04-08,36,HADIA K1 NORTH NAZIMABAD,Y,,,,0,3250
103,2026-04-08,88,AHSAN JALIL,N,,,,0,306000
104,2026-04-11,249,WAKEEL,N,,,,0,24000
105,2026-04-11,227,HASNAIN AUTO KORANGI 51 A,Y,,,,0,1300
106,2026-04-13,135,UZAIR SPOKE,N,,,,0,44000
107,2026-04-14,136,CROWN,N,,,,0,864040
108,2026-04-14,24,AYAN AUTOS CLIFTON,Y,,,,0,27150
109,2026-04-16,143,YOUSUF ENGINERING LHR,N,,,,0,210000
110,2026-04-18,76,ANWER ENGINERING,N,,,,0,245000
111,2026-04-18,136,CROWN,N,,,,0,76300
112,2026-04-21,94,SHAMS BHAI,N,,,,0,437000
113,2026-04-22,94,SHAMS BHAI,N,,,,0,350000
114,2026-04-23,6,GRANDTECH,N,,,,0,205000
115,2026-04-24,25,AZAN AUTO BADIN,Y,,,,0,5950
116,2026-04-24,42,KHATAOMAL PANGRIO,Y,,,,0,37000
117,2026-04-25,4,AHMED SPOKE LAHORE,N,,,,0,374800
118,2026-04-25,34,F.A AUTOS THATTA,Y,,,,0,135000
119,2026-04-25,136,CROWN,N,,,,0,759120
120,2026-04-27,101,A.R AUTOS BAGH-E-KORANGI,Y,,,,0,17750
121,2026-04-28,144,TAJ AUTO MEHRAN TOWN 2,Y,,,,0,3600
122,2026-04-28,144,TAJ AUTO MEHRAN TOWN 2,Y,,,,0,9000
123,2026-04-28,123,LUCKY AUTO WATER PUMP,Y,,,,0,8000
124,2026-04-28,76,ANWER ENGINERING,N,,,,0,202500
125,2026-05-05,88,AHSAN JALIL,N,,,,0,198400
126,2026-05-05,283,REHAN BAWA,N,,,,0,295000
127,2026-05-05,73,HUSSAIN AUTO SHAH FAISAL,Y,,,,0,7220
128,2026-05-05,210,SHAH JI AUTO PEOPELS CHOWK,Y,,,,0,1545
129,2026-05-05,279,HABIB AUTO MAYMAR,Y,,,,0,3060
130,2026-05-08,164,STAR AUTO MAYMAR,Y,,,,0,3100
131,2026-05-09,288,DANISH JHANGIR,N,,,,0,110000
133,2026-05-13,188,ARSALAN IRSHAD LHR,N,,,,0,690000
134,2026-05-13,6,GRANDTECH,N,,,,0,215000
135,2026-05-15,13,WELCOME BMS BRAKESHOE,N,,,,0,207480
136,2026-05-15,163,HAMID LHR,N,,,,0,519600
137,2026-05-15,261,KASHIF R-K SHAH LATIF,Y,,,,0,109200
138,2026-05-15,262,KASHIF R-K W/RIM,Y,,,,0,14400
139,2026-05-20,306,H.D.R LAHORE,N,,,,0,354000
140,2026-05-20,94,SHAMS BHAI,N,,,,0,138600
141,2026-05-25,267,HAFIZ AUTO PEHALWAN GOTH,Y,,,,0,7350
142,2026-05-25,32,DAWOOD SULTAN AUTOS ORANGI TOW,Y,,,,0,5600
143,2026-05-25,161,SHAYAN AUTO U.P,Y,,,,0,4450
144,2026-05-25,241,RAJPUT AUTO ORANGI W/RIM,Y,,,,0,18640
145,2026-05-25,268,HANAN AUTO NAZIMABAD,Y,,,,0,14915
146,2026-05-25,181,MAKKA AUTO KORANGI 3 NUMBER,Y,,,,0,4200
147,2026-05-25,71,HAMZA KHAN AUTOS ORANGI TOWN,Y,,,,0,9750
148,2026-05-26,179,A.W AUTO WATER PUMP,Y,,,,0,20400
149,2026-05-26,178,B.S ALIYAN AUTO WATER PUMP,Y,,,,0,1980
150,2026-05-26,267,HAFIZ AUTO PEHALWAN GOTH,Y,,,,0,4000
151,2026-05-26,190,ASIF AUTO SABZI MANDI,Y,,,,0,7605
152,2026-05-26,193,KHAN AUTO PEOPELS CHOWRANGI,Y,,,,0,19400
153,2026-05-26,230,M.A AUTO KHOPRA PAR 4 NUMBER,Y,,,,0,11570
154,2026-05-15,155,HAFEEZ ENGINEERING WORKS LHR,N,,,,0,610000
155,2026-05-22,188,ARSALAN IRSHAD LHR,N,,,,0,217500
156,2026-06-03,163,HAMID LHR,N,,,,0,187800
157,2026-06-09,6,GRANDTECH,N,,,,0,215000
158,2026-06-09,86,KAIZEN,N,,,,0,110000
159,2026-06-10,94,SHAMS BHAI,N,,,,0,770000
160,2026-06-10,136,CROWN,N,,,,0,877000
161,2026-06-10,13,WELCOME BMS BRAKESHOE,N,,,,0,317590
162,2026-06-10,116,ASIF SUPPLIER ZIP 1,Y,,,,0,18000
163,2026-06-13,14,ZIP,N,,,,0,14640
164,2026-06-15,14,ZIP,N,,,,0,19887.5
165,2026-06-16,326,SADDAM ROYAL KING,N,,,,0,16000
166,2026-06-17,143,YOUSUF ENGINERING LHR,N,,,,0,324000
167,2026-06-17,328,FAISAL SULEMAN,N,,,,0,46000
168,2026-06-17,329,NAJAM BHAI FAISAL BHAI,N,,,,0,30000
169,2026-06-18,288,DANISH JHANGIR,N,,,,0,220000
170,2026-06-18,328,FAISAL SULEMAN,N,,,,0,55200
171,2026-06-22,329,NAJAM BHAI FAISAL BHAI,N,,,,0,33000
172,2026-06-23,70,UNIQUE AUTOS LANDHI,Y,,,,0,159300
173,2026-06-27,75,YASIR AUTOS SACHAL GOTH,Y,,,,0,12500
174,2026-06-29,151,PIRANI ENGINERING,N,,,,0,430100
176,2026-05-15,56,RAHIM BHAI CLASSIC MOTORCYCLE,Y,,,,0,21920
177,2026-06-29,255,BABA & SONS KORANGI 5/2,Y,,,,0,9450
179,2026-06-30,160,HAJI IQBAL QURESHI U.P,Y,,,,0,22985
180,2026-06-30,105,A.H AUTO ORANGI L BLOCK,Y,,,,0,2100
181,2026-07-01,151,PIRANI ENGINERING,N,,,,0,275400
182,2026-07-06,163,HAMID LHR,N,,,,0,206000
183,2026-07-06,76,ANWER ENGINERING,N,,,,0,306000
184,2026-07-07,13,WELCOME BMS BRAKESHOE,N,,,,0,109200
185,2026-07-08,158,PAKISTAN AUTO QUAIDABAD,Y,,,,0,7250
186,2026-07-08,58,RAZA AUTO K AREA MARKET,Y,,,,0,92680
187,2026-07-08,81,TAYYABA AUTO SURJANI,Y,,,,0,1400
189,2026-07-08,305,ALI AUTO ISLAM CHOWK W/RIM,Y,,,,0,82400
190,2026-07-08,20,ALI AUTOS ISLAM CHOWK,Y,,,,0,100299
191,2026-07-10,94,SHAMS BHAI,N,,,,0,137500
192,2026-07-13,13,WELCOME BMS BRAKESHOE,N,,,,0,73710
193,2026-07-14,36,HADIA K1 NORTH NAZIMABAD,Y,,,,0,6800
194,2026-07-15,306,H.D.R LAHORE,N,,,,0,138000
195,2026-07-15,6,GRANDTECH,N,,,,0,214140
196,2026-07-15,128,ZAIB AUTO WATER PUMP,Y,,,,0,4090
197,2026-07-16,332,ALTAF HAIR DRESER,Y,,,,0,9650
198,2026-07-16,239,AL-HAJ AUTO MANSERA COLONY,Y,,,,0,12800
199,2026-07-16,13,WELCOME BMS BRAKESHOE,N,,,,0,196560
200,2026-07-18,131,ROYAL KING R-K,N,,,,0,100000
201,2026-07-18,321,NASEER AUTO LIYARI 36,Y,,,,0,14065
202,2026-07-21,354,HINA AUTO LAHORE,N,,,,0,244000
203,2026-07-21,136,CROWN,N,,,,0,1010000
204,2026-07-23,236,QUETTA AUTO SHAHLATIF,Y,,,,0,24840
205,2026-07-25,213,YOUSUF AUTO GULLSHAN 13D,Y,,,,0,2400
206,2026-07-25,176,ANSARI AUTO DASTAGIR,Y,,,,0,1980
207,2026-07-25,254,WARSI AUTO NAZIMABAD,Y,,,,0,5950
208,2026-07-25,159,WAQAS AUTO BUFFER ZONE,Y,,,,0,13420
209,2026-07-25,213,YOUSUF AUTO GULLSHAN 13D,Y,,,,0,2745
210,2026-07-27,131,ROYAL KING R-K,N,,,,0,100000
211,2026-07-27,133,YOUSUF AUTO SATO MAIL,Y,,,,0,2600
212,2026-07-28,306,H.D.R LAHORE,N,,,,0,138000
213,2026-07-28,76,ANWER ENGINERING,N,,,,0,147000
214,2026-07-28,76,ANWER ENGINERING,N,,,,0,225000
215,2026-07-28,104,HAMZA AUTO MOSMIYAT,Y,,,,0,8200
216,2026-07-29,358,HAFIZ SHAFIQUE LHR,N,,,,0,407000
217,2026-08-03,6,GRANDTECH,N,,,,0,215000
218,2026-08-03,288,DANISH JHANGIR,N,,,,0,137500
219,2026-08-03,131,ROYAL KING R-K,N,,,,0,16800
220,2026-08-06,68,ARIF AUTOS LANDHI,Y,,,,0,91200
221,2026-08-07,359,BAWA GROUP & COMPANY,N,,,,0,323000
222,2026-08-07,131,ROYAL KING R-K,N,,,,0,50400
223,2026-08-07,94,SHAMS BHAI,N,,,,0,1230000
224,2026-08-08,306,H.D.R LAHORE,N,,,,0,486400
225,2026-08-08,131,ROYAL KING R-K,N,,,,0,16800
226,2026-08-10,342,AWAMI AUTO W/RIM,Y,,,,0,8500
227,2026-08-11,56,RAHIM BHAI CLASSIC MOTORCYCLE,Y,,,,0,9000
228,2026-08-11,136,CROWN,N,,,,0,379080
229,2026-08-11,131,ROYAL KING R-K,N,,,,0,268800
230,2026-08-13,13,WELCOME BMS BRAKESHOE,N,,,,0,185640
231,2026-08-13,143,YOUSUF ENGINERING LHR,N,,,,0,334500
232,2026-08-19,358,HAFIZ SHAFIQUE LHR,N,,,,0,305500
233,2026-08-19,36,HADIA K1 NORTH NAZIMABAD,Y,,,,0,11565
234,2026-08-21,335,MAHROOF AUTO SHAH FAISAL,Y,,,,0,11850
235,2026-08-21,330,MADINA AUTO QUAIDABAD,Y,,,,0,2600
236,2026-08-22,3,A.R.S SPROCKET,N,,,,0,323000
237,2026-08-24,364,SHAN AUTO GULSHAN JAMALI,Y,,,,0,1450
238,2026-08-25,13,WELCOME BMS BRAKESHOE,N,,,,0,410400
239,2026-08-27,170,ABDUL HADI AUTO DRIG ROAD,Y,,,,0,4500
240,2026-08-27,141,ALI AUTO MEHMODABAD,Y,,,,0,2000
241,2026-08-29,151,PIRANI ENGINERING,N,,,,0,459000
242,2026-08-29,163,HAMID LHR,N,,,,0,216000
