invno,invdate,ccode,line_no,pcode,pname,qty,uprice,line_gross
10,2025-10-10,6,1,41,Lock C-Long 30 mm,100,170,17000
11,2025-10-20,11,1,32,ZIP Battery,120,830,99600
12,2025-10-22,3,1,20,Rider Sprocket 15-T Black Powder Coating 8 Per Khapa Half Pr,300,85,25500
12,2025-10-22,3,2,21,Rider Sprocket 38-T Black Powder Coating 8 Per Khapa Half Pr,300,260,78000
13,2025-10-25,6,1,41,Lock C-Long 30 mm,10,170,1700
13,2025-10-25,6,2,17,Lock C-Long 50 mm,80,285,22800
14,2025-11-08,14,1,26,Spoke/Chain Packing theli (ZIP),2520,4.81,12121.2
14,2025-11-08,14,2,26,Spoke/Chain Packing theli (ZIP),10260,4.81,49350.6
15,2025-11-10,10,1,14,Chain Kit ZIP 1 Carton,600,95,57000
16,2025-11-10,13,1,6,Brake Shoe Extra Grip ZIP,1900,122,231800
17,2025-11-11,4,1,24,Spoke 2.50-17,122,235,28670
17,2025-11-11,4,2,25,Spoke 300-17 Long Nipple,240,297.5,71400
18,2025-11-11,5,1,22,Rocker Set CD 70,400,255,102000
18,2025-11-11,5,2,8,Camshaft JH70,400,345,138000
18,2025-11-11,5,3,16,Gear Transmission CD 70,300,1080,324000
19,2025-11-12,10,1,12,Chain Kit ZIP 1 Box Gold,2170,28,60760
19,2025-11-12,10,2,13,Chain Kit ZIP 1 Box Red,2170,28,60760
20,2025-11-12,3,1,21,Rider Sprocket 38-T Black Powder Coating 8 Per Khapa Half Pr,300,260,78000
20,2025-11-12,3,2,20,Rider Sprocket 15-T Black Powder Coating 8 Per Khapa Half Pr,300,85,25500
21,2025-11-13,12,1,31,ZIP ATF 1L,20,4450,89000
22,2025-11-14,13,1,7,Brake Shoe Gold ZIP,1800,127,228600
23,2025-11-26,4,1,24,Spoke 2.50-17,340,230,78200
23,2025-11-26,4,2,25,Spoke 300-17 Long Nipple,600,292.5,175500
23,2025-11-26,4,3,23,Spoke 2.25-17,240,220,52800
24,2025-11-26,13,1,33,ZIP Brake Shoe Gold w/o Packing,2100,122.5,257250
25,2025-12-03,4,1,25,Spoke 300-17 Long Nipple,840,292.5,245700
26,2025-12-04,3,1,39,ZIP Sprocket 38-T Black Powder Coating 8 Per Khapa Half Pres,200,260,52000
26,2025-12-04,3,2,38,ZIP Sprocket 15-T Black Powder Coating 8 Per Khapa Half Pres,200,85,17000
26,2025-12-04,3,3,40,ZIP Sprocket 41-T Black Powder Coating 8 Per Khapa Half Pres,100,260,26000
26,2025-12-04,3,4,37,ZIP Sprocket 14-T Black Powder Coating 8 Per Khapa Half Pres,100,85,8500
26,2025-12-04,3,5,10,Chain 420-104L ODT (ZIP),200,430,86000
26,2025-12-04,3,6,11,Chain Heavy Duty 420H-104L ODT (ZIP),100,520,52000
30,2025-12-12,3,1,39,ZIP Sprocket 38-T Black Powder Coating 8 Per Khapa Half Pres,340,260,88400
30,2025-12-12,3,2,38,ZIP Sprocket 15-T Black Powder Coating 8 Per Khapa Half Pres,340,85,28900
30,2025-12-12,3,3,11,Chain Heavy Duty 420H-104L ODT (ZIP),340,520,176800
31,2025-12-15,14,1,59,Packing Chain Cover 0.6 mm (ZIP),474,35,16590
32,2025-12-15,76,1,60,CHAIN COVER 0.6MM ZIP 1,474,480,227520
33,2025-12-18,3,1,57,ZIP 1 CHAIN KIT Gold 41-14 CD-70,520,260,135200
33,2025-12-18,3,2,37,ZIP Sprocket 14-T Black Powder Coating 8 Per Khapa Half Pres,520,85,44200
33,2025-12-18,3,3,11,Chain Heavy Duty 420H-104L ODT (ZIP),210,520,109200
33,2025-12-18,3,4,10,Chain 420-104L ODT (ZIP),310,430,133300
34,2025-12-18,3,1,39,ZIP Sprocket 38-T Black Powder Coating 8 Per Khapa Half Pres,300,260,78000
34,2025-12-18,3,2,38,ZIP Sprocket 15-T Black Powder Coating 8 Per Khapa Half Pres,300,85,25500
34,2025-12-18,3,3,11,Chain Heavy Duty 420H-104L ODT (ZIP),490,520,254800
34,2025-12-18,3,4,40,ZIP Sprocket 41-T Black Powder Coating 8 Per Khapa Half Pres,190,260,49400
34,2025-12-18,3,5,37,ZIP Sprocket 14-T Black Powder Coating 8 Per Khapa Half Pres,190,85,16150
35,2025-12-19,4,1,25,Spoke 300-17 Long Nipple,400,292.5,117000
35,2025-12-19,4,2,24,Spoke 2.50-17,400,230,92000
37,2025-12-20,87,1,61,Carburetor PZ-22,150,1580,237000
38,2025-12-08,88,1,52,Piston Kit STD,600,313,187800
38,2025-12-08,88,2,53,Piston Kit 0.50,700,313,219100
38,2025-12-08,88,3,54,Piston Kit 1.00,400,313,125200
38,2025-12-08,88,4,55,Piston Kit 1.50,700,313,219100
40,2025-11-08,14,1,26,Spoke/Chain Packing theli (ZIP),3240,4.81,15584.4
40,2025-11-08,14,2,27,Sprocket Packing theli (ZIP) Big,2035,7.86,15995.1
40,2025-11-08,14,3,28,Sprocket Packing theli (ZIP) Small,3840,1.8,6912
41,2025-12-08,14,1,63,POLY BAG CLUTCH PLATE CD-70,74,2,148
42,2025-12-08,86,1,64,Clutch presur plate set zip 1,77,100,7700
42,2025-12-08,86,2,65,Clutch plate FCC CD-70 Set,78,140,10920
42,2025-12-08,86,3,66,Clutch plate CD-70 Green Set,75,105,7875
43,2025-12-20,14,1,68,Carburetor Box (ZIP),150,25,3750
44,2025-12-22,95,1,70,Packing Clutch Plate/ Pressure Plate CD-70 (ZIP 1),4270,10,42700
45,2025-12-26,3,1,72,ZIP 1 Sprocket 38-T 125-CC FINE BLANKING (01 SHOT) BLACK POW,50,350,17500
45,2025-12-26,3,2,73,ZIP 1 Sprocket 15-T 125CC FINE BLANKING (01 SHOT) BLACK POWD,50,110,5500
45,2025-12-26,3,3,74,"CHAIN 428H 100-L (HEAVY DUTY) (ZIP)	 ",50,670,33500
45,2025-12-26,3,4,75,"ZIP 1 Sprocket 45T YBR HOBBING + BLACK POWDER COATING ",10,670,6700
45,2025-12-26,3,5,76,"ZIP 1 Sprocket 14-T YBR HOBBING + BLACK POWDER COATING ",10,100,1000
45,2025-12-26,3,6,77,"CHAIN 428H 118-L (HEAVY DUTY) (ZIP)	 ",10,840,8400
45,2025-12-26,3,7,78,ZIP 1 Sprocket 43-T SUZUKI JS 150CC HOBBING + BLACK POWDER,10,450,4500
45,2025-12-26,3,8,79,ZIP 1 Sprocket 15-T SUZUKI JS 150CC HOBBING + BLACK POWDER,10,250,2500
45,2025-12-26,3,9,77,"CHAIN 428H 118-L (HEAVY DUTY) (ZIP)	 ",10,840,8400
45,2025-12-26,3,10,80,ZIP 1 Sprocket 43-T PRIDOR 100CC HOBBING + BLACK POWDER COAT,20,430,8600
45,2025-12-26,3,11,81,ZIP 1 Sprocket 14-T PRIDOR 100CC HOBBING + BLACK POWDER COAT,20,95,1900
45,2025-12-26,3,12,82,"CHAIN 428H 108-L (HEAVY DUTY) (ZIP)	 ",20,750,15000
45,2025-12-26,3,13,83,ZIP 1 Sprocket 35-T SUZUKI 110CC HOBBING + BLACK POWDER COAT,20,350,7000
45,2025-12-26,3,14,84,ZIP 1 Sprocket 14-T SUZUKI 110CC HOBBING + BLACK POWDER COAT,20,95,1900
45,2025-12-26,3,15,85,CHAIN 428H 104-L (HEAVY DUTY) (ZIP),20,680,13600
46,2026-01-19,88,1,94, SPARK PLUG C7HSA H.D.R,6000,62,372000
47,2026-01-20,6,1,95,ZIP 1 PUSH LOCK,500,400,200000
48,2026-01-28,127,1,96,ZIP 1HEAD COMPLETE EURO,120,3916.66,469999.2
49,2026-01-28,4,1,51,ZIP Spoke 300-17 Long Nipple,2000,287.5,575000
49,2026-01-28,4,2,24,Spoke 2.50-17,400,225,90000
50,2026-01-28,94,1,69,ZIP Carburetor PZ-22,500,1500,750000
51,2026-01-28,131,1,97,WHEEL RIM SET,200,1450,290000
52,2026-01-13,76,1,60,CHAIN COVER 0.6MM ZIP 1,100,518,51800
53,2026-02-02,135,1,51,ZIP Spoke 300-17 Long Nipple,400,275,110000
54,2026-02-03,77,1,96,ZIP 1HEAD COMPLETE EURO,6,4900,29400
55,2026-02-05,136,1,99,ZIP 1 MAGNET COIL RING CDI 70,2208,620,1368960
55,2026-02-05,136,2,98,ZIP 1 MAGNET COIL RING HERO,240,605,145200
56,2026-02-09,13,1,100,ZIP 1 BRAKE SHOE FMC,819,160,131040
57,2026-02-10,136,1,64,Clutch presur plate set zip 1,1000,70,70000
58,2026-02-13,127,1,96,ZIP 1HEAD COMPLETE EURO,47,3916,184052
59,2026-02-13,143,1,102,MAGNET COMPLETE CDI-70 ZIP 1,20,2350,47000
59,2026-02-13,143,2,123,ONLY FRY WHEEL MAGNET ZIP 1,20,1000,20000
60,2026-02-13,143,1,103,SILENCER ZIP 1,60,1150,69000
61,2026-02-14,6,1,95,ZIP 1 PUSH LOCK,500,400,200000
62,2026-02-16,51,1,44,Dachi Engine Oil 700 ML Carton (BLACK),10,3750,37500
63,2026-02-18,13,1,7,Brake Shoe Gold ZIP,770,122,93940
64,2026-02-18,151,1,104,CYLINDER KIT 78CM ZIP 1,200,1450,290000
64,2026-02-18,151,2,105,CYLINDER KIT 72CM ZIP 1,10,1450,14500
64,2026-02-18,151,3,106,CYLINDER KIT 97CM ZIP 1,20,1680,33600
65,2026-02-19,11,1,107,BATTERY NS 40,50,3950,197500
66,2026-02-19,23,1,108,VALVE SEAL CHINA 70,20000,4.5,90000
67,2026-02-21,152,1,110,HAF KIT GN5 GREEN ZIP 1,100,86,8600
67,2026-02-21,152,2,109,HAF KIT GREEN CDI-70 ZIP 1,501,76,38076
68,2026-02-21,23,1,95,ZIP 1 PUSH LOCK,28,445,12460
69,2026-02-25,4,1,49,ZIP Spoke 2.25-17,80,220,17600
69,2026-02-25,4,2,50,ZIP Spoke 2.50-17,1360,225,306000
70,2026-02-26,155,1,114,REAR SHOCK JH90 BLK-ZIP 1,200,2200,440000
70,2026-02-26,155,2,115,REAR SHOCK JH90 RED-ZIP 1,30,2200,66000
70,2026-02-26,155,3,117,REAR SHOCK GENUINE TYPE BLK-ZIP 1,70,1800,126000
70,2026-02-26,155,4,116,REAR SHOCK GENUINE TYPE RED-ZIP 1,30,1800,54000
70,2026-02-26,155,5,118,REAR SHOCK CDI-125 ZIP 1,30,2250,67500
70,2026-02-26,155,6,112,FRONT SHOCK CDI70-ZIP 1,30,3000,90000
70,2026-02-26,155,7,111,FRONT SHOCK  JH90 ZIP 1,100,3200,320000
70,2026-02-26,155,8,113,FRONT SHOCK CDI125-ZIP 1,20,3300,66000
71,2026-02-27,24,1,66,Clutch plate CD-70 Green Set,44,145,6380
72,2026-02-28,13,1,100,ZIP 1 BRAKE SHOE FMC,820,165,135300
73,2026-03-02,76,1,60,CHAIN COVER 0.6MM ZIP 1,500,514,257000
74,2026-03-02,37,1,47,ZIP 1 CHAIN KIT RED 38-15 CD-70,10,1250,12500
75,2026-03-03,163,1,119,FRONT SHOCK JH.90 RECO STAR,50,2600,130000
75,2026-03-03,163,2,120,FRONT SHOCK CDI.70 RECO STAR,20,2400,48000
75,2026-03-03,163,3,121,REAR SHOCK JH90 BLK RECO STAR,50,1900,95000
75,2026-03-03,163,4,122,REAR SHOCK CDI70 BLK(H)RECO STAR,20,1350,27000
76,2026-03-05,13,1,100,ZIP 1 BRAKE SHOE FMC,840,165,138600
77,2026-03-05,6,1,95,ZIP 1 PUSH LOCK,500,410,205000
78,2026-03-05,86,1,71,ZIP 1 Clutch Plate Set CD-70 Green,978,105,102690
80,2026-03-06,129,1,102,MAGNET COMPLETE CDI-70 ZIP 1,1,2900,2900
81,2026-03-12,37,2,47,ZIP 1 CHAIN KIT RED 38-15 CD-70,9,1250,11250
81,2026-03-12,37,2,46,ZIP 1 CHAIN KIT GOLD 38-15 CD-70,10,1350,13500
82,2026-03-12,23,1,87,ZIP 1 GOLD CHAIN KIT 45-14 YBR,5,1960,9800
83,2026-03-13,163,1,119,FRONT SHOCK JH.90 RECO STAR,50,2600,130000
83,2026-03-13,163,2,124,FRONT SHOCK CDI125 RECO STAR,20,2700,54000
83,2026-03-13,163,3,121,REAR SHOCK JH90 BLK RECO STAR,50,1900,95000
84,2026-03-13,188,1,125,SILENCER BEST LIFE,330,1060,349800
85,2026-03-13,88,1,53,Piston Kit 0.50,1000,313,313000
85,2026-03-13,88,2,54,Piston Kit 1.00,1000,313,313000
85,2026-03-13,88,3,55,Piston Kit 1.50,900,313,281700
86,2026-03-18,86,1,65,Clutch plate FCC CD-70 Set,95,140,13300
87,2026-03-18,94,1,126,"CARBURETOR PZ 16""ZIP 1""",50,1500,75000
87,2026-03-18,94,2,69,ZIP Carburetor PZ-22,450,1500,675000
88,2026-03-18,1,1,61,Carburetor PZ-22,500,1,500
89,2026-03-18,76,1,127,"CHAIN COVER""5MM"" ZIP 1",200,425,85000
90,2026-03-19,11,1,129,BATTERY 12V ZIP,132,800,105600
91,2026-03-26,188,1,128,WHEEL RIM REAR,330,780,257400
91,2026-03-26,188,2,130,WHEEL RIM FRONT,230,680,156400
92,2026-03-26,188,1,128,WHEEL RIM REAR,330,780,257400
92,2026-03-26,188,2,130,WHEEL RIM FRONT,330,680,224400
93,2026-03-27,68,1,60,CHAIN COVER 0.6MM ZIP 1,5,600,3000
93,2026-03-27,68,2,114,REAR SHOCK JH90 BLK-ZIP 1,1,2700,2700
93,2026-03-27,68,3,69,ZIP Carburetor PZ-22,7,1900,13300
93,2026-03-27,68,4,95,ZIP 1 PUSH LOCK,1,460,460
94,2026-03-28,128,1,99,ZIP 1 MAGNET COIL RING CDI 70,3,1050,3150
94,2026-03-28,128,2,95,ZIP 1 PUSH LOCK,2,480,960
94,2026-03-28,128,3,51,ZIP Spoke 300-17 Long Nipple,1,360,360
94,2026-03-28,128,4,50,ZIP Spoke 2.50-17,1,330,330
95,2026-04-01,151,1,104,CYLINDER KIT 78CM ZIP 1,300,1450,435000
95,2026-04-01,151,2,106,CYLINDER KIT 97CM ZIP 1,80,1680,134400
95,2026-04-01,151,3,105,CYLINDER KIT 72CM ZIP 1,20,1450,29000
96,2026-04-04,136,1,64,Clutch presur plate set zip 1,1000,70,70000
97,2026-04-04,225,1,96,ZIP 1HEAD COMPLETE EURO,14,3820,53480
99,2026-04-07,204,1,60,CHAIN COVER 0.6MM ZIP 1,30,585,17550
100,2026-04-06,112,1,99,ZIP 1 MAGNET COIL RING CDI 70,168,960,161280
101,2026-04-08,69,1,99,ZIP 1 MAGNET COIL RING CDI 70,120,960,115200
101,2026-04-08,69,2,94, SPARK PLUG C7HSA H.D.R,200,70,14000
102,2026-04-08,36,1,60,CHAIN COVER 0.6MM ZIP 1,5,650,3250
103,2026-04-08,88,1,131,CON ROD JH90 STAR,600,510,306000
104,2026-04-11,249,1,132,CHAIN LOCK 530 LINK,1500,16,24000
105,2026-04-11,227,1,60,CHAIN COVER 0.6MM ZIP 1,2,650,1300
106,2026-04-13,135,1,51,ZIP Spoke 300-17 Long Nipple,160,275,44000
107,2026-04-14,136,1,99,ZIP 1 MAGNET COIL RING CDI 70,1200,635,762000
107,2026-04-14,136,2,98,ZIP 1 MAGNET COIL RING HERO,96,615,59040
107,2026-04-14,136,3,133,MAGNET PLATE CDI70,200,215,43000
108,2026-04-14,24,1,99,ZIP 1 MAGNET COIL RING CDI 70,24,1050,25200
108,2026-04-14,24,2,69,ZIP Carburetor PZ-22,1,1950,1950
109,2026-04-16,143,1,123,ONLY FRY WHEEL MAGNET ZIP 1,200,1050,210000
110,2026-04-18,76,1,60,CHAIN COVER 0.6MM ZIP 1,500,490,245000
111,2026-04-18,136,1,101,PRESURE PLATE SET-ZIP 1,1090,70,76300
112,2026-04-21,94,1,126,"CARBURETOR PZ 16""ZIP 1""",250,1500,375000
112,2026-04-21,94,2,135,CARBURETOR PZ27 CDI 125,40,1550,62000
113,2026-04-22,94,1,131,CON ROD JH90 STAR,700,500,350000
114,2026-04-23,6,1,95,ZIP 1 PUSH LOCK,500,410,205000
115,2026-04-24,25,1,69,ZIP Carburetor PZ-22,1,1850,1850
115,2026-04-24,25,2,111,FRONT SHOCK  JH90 ZIP 1,1,4100,4100
116,2026-04-24,42,1,69,ZIP Carburetor PZ-22,20,1850,37000
117,2026-04-25,4,1,51,ZIP Spoke 300-17 Long Nipple,1240,295,365800
117,2026-04-25,4,2,49,ZIP Spoke 2.25-17,40,225,9000
118,2026-04-25,34,2,48,ZIP 1 CHAIN KIT RED 41-14 CD-70,50,1300,65000
118,2026-04-25,34,2,57,ZIP 1 CHAIN KIT Gold 41-14 CD-70,50,1400,70000
119,2026-04-25,136,1,99,ZIP 1 MAGNET COIL RING CDI 70,1056,635,670560
119,2026-04-25,136,2,98,ZIP 1 MAGNET COIL RING HERO,144,615,88560
120,2026-04-27,101,1,118,REAR SHOCK CDI-125 ZIP 1,1,2950,2950
120,2026-04-27,101,2,117,REAR SHOCK GENUINE TYPE BLK-ZIP 1,3,2200,6600
120,2026-04-27,101,3,111,FRONT SHOCK  JH90 ZIP 1,1,4100,4100
120,2026-04-27,101,4,112,FRONT SHOCK CDI70-ZIP 1,1,4100,4100
121,2026-04-28,144,1,134,COIL PLATE COMPLETE CDI70 ZIP 1,2,1800,3600
122,2026-04-28,144,1,108,VALVE SEAL CHINA 70,900,10,9000
123,2026-04-28,123,1,95,ZIP 1 PUSH LOCK,16,500,8000
124,2026-04-28,76,1,127,"CHAIN COVER""5MM"" ZIP 1",500,405,202500
125,2026-05-05,88,1,94, SPARK PLUG C7HSA H.D.R,3200,62,198400
126,2026-05-05,283,1,52,Piston Kit STD,100,320,32000
126,2026-05-05,283,2,53,Piston Kit 0.50,100,320,32000
126,2026-05-05,283,3,54,Piston Kit 1.00,100,320,32000
126,2026-05-05,283,4,136,PISTON GN5/STD,200,320,64000
126,2026-05-05,283,5,137,PISTON CG125/50,100,450,45000
126,2026-05-05,283,6,138,PISTON CG125/100,100,450,45000
126,2026-05-05,283,7,139,PISTON CG125/150,100,450,45000
127,2026-05-05,73,1,52,Piston Kit STD,19,380,7220
128,2026-05-05,210,1,95,ZIP 1 PUSH LOCK,3,515,1545
129,2026-05-05,279,1,95,ZIP 1 PUSH LOCK,6,510,3060
130,2026-05-08,164,1,102,MAGNET COMPLETE CDI-70 ZIP 1,1,3100,3100
131,2026-05-09,288,1,140,SPARK PLUG NIN C7HSA,2000,55,110000
133,2026-05-13,188,1,125,SILENCER BEST LIFE,600,1150,690000
134,2026-05-13,6,1,95,ZIP 1 PUSH LOCK,500,430,215000
135,2026-05-15,13,1,100,ZIP 1 BRAKE SHOE FMC,1140,182,207480
136,2026-05-15,163,1,121,REAR SHOCK JH90 BLK RECO STAR,96,2000,192000
136,2026-05-15,163,2,142,REAR SHOCK JH90 RED RECO STAR,36,2000,72000
136,2026-05-15,163,3,124,FRONT SHOCK CDI125 RECO STAR,30,2850,85500
136,2026-05-15,163,4,120,FRONT SHOCK CDI.70 RECO STAR,30,2550,76500
136,2026-05-15,163,5,141,FRONT SHOCK ROD JH90 ZIP 1,24,1000,24000
136,2026-05-15,163,6,122,REAR SHOCK CDI70 BLK(H)RECO STAR,48,1450,69600
137,2026-05-15,261,1,96,ZIP 1HEAD COMPLETE EURO,2,5100,10200
137,2026-05-15,261,2,99,ZIP 1 MAGNET COIL RING CDI 70,5,1000,5000
137,2026-05-15,261,3,57,ZIP 1 CHAIN KIT Gold 41-14 CD-70,5,1430,7150
137,2026-05-15,261,4,94, SPARK PLUG C7HSA H.D.R,50,75,3750
137,2026-05-15,261,5,134,COIL PLATE COMPLETE CDI70 ZIP 1,2,1800,3600
137,2026-05-15,261,6,102,MAGNET COMPLETE CDI-70 ZIP 1,2,3000,6000
137,2026-05-15,261,7,104,CYLINDER KIT 78CM ZIP 1,2,2350,4700
137,2026-05-15,261,8,105,CYLINDER KIT 72CM ZIP 1,1,2350,2350
137,2026-05-15,261,9,106,CYLINDER KIT 97CM ZIP 1,1,2650,2650
137,2026-05-15,261,10,114,REAR SHOCK JH90 BLK-ZIP 1,5,2950,14750
137,2026-05-15,261,11,126,"CARBURETOR PZ 16""ZIP 1""",2,2000,4000
137,2026-05-15,261,12,135,CARBURETOR PZ27 CDI 125,1,2100,2100
137,2026-05-15,261,13,69,ZIP Carburetor PZ-22,3,1950,5850
137,2026-05-15,261,14,46,ZIP 1 CHAIN KIT GOLD 38-15 CD-70,5,1430,7150
137,2026-05-15,261,15,121,REAR SHOCK JH90 BLK RECO STAR,5,2200,11000
137,2026-05-15,261,16,120,FRONT SHOCK CDI.70 RECO STAR,2,3150,6300
137,2026-05-15,261,17,111,FRONT SHOCK  JH90 ZIP 1,1,4350,4350
137,2026-05-15,261,18,60,CHAIN COVER 0.6MM ZIP 1,9,600,5400
137,2026-05-15,261,19,123,ONLY FRY WHEEL MAGNET ZIP 1,2,1450,2900
138,2026-05-15,262,1,130,WHEEL RIM FRONT,9,800,7200
138,2026-05-15,262,2,128,WHEEL RIM REAR,9,800,7200
139,2026-05-20,306,1,51,ZIP Spoke 300-17 Long Nipple,1200,295,354000
140,2026-05-20,94,1,69,ZIP Carburetor PZ-22,90,1540,138600
141,2026-05-25,267,1,99,ZIP 1 MAGNET COIL RING CDI 70,7,1050,7350
142,2026-05-25,32,1,46,ZIP 1 CHAIN KIT GOLD 38-15 CD-70,4,1400,5600
143,2026-05-25,161,1,117,REAR SHOCK GENUINE TYPE BLK-ZIP 1,1,2450,2450
143,2026-05-25,161,2,122,REAR SHOCK CDI70 BLK(H)RECO STAR,1,2000,2000
144,2026-05-25,241,1,130,WHEEL RIM FRONT,11,800,8800
144,2026-05-25,241,2,128,WHEEL RIM REAR,12,820,9840
145,2026-05-25,268,1,46,ZIP 1 CHAIN KIT GOLD 38-15 CD-70,5,1450,7250
145,2026-05-25,268,2,69,ZIP Carburetor PZ-22,2,2000,4000
145,2026-05-25,268,3,99,ZIP 1 MAGNET COIL RING CDI 70,2,1050,2100
145,2026-05-25,268,4,98,ZIP 1 MAGNET COIL RING HERO,1,1050,1050
145,2026-05-25,268,5,95,ZIP 1 PUSH LOCK,1,515,515
146,2026-05-25,181,1,98,ZIP 1 MAGNET COIL RING HERO,4,1050,4200
147,2026-05-25,71,1,120,FRONT SHOCK CDI.70 RECO STAR,3,3250,9750
148,2026-05-26,179,1,96,ZIP 1HEAD COMPLETE EURO,2,4900,9800
148,2026-05-26,179,2,46,ZIP 1 CHAIN KIT GOLD 38-15 CD-70,6,1400,8400
148,2026-05-26,179,3,117,REAR SHOCK GENUINE TYPE BLK-ZIP 1,1,2200,2200
149,2026-05-26,178,1,69,ZIP Carburetor PZ-22,1,1980,1980
150,2026-05-26,267,1,69,ZIP Carburetor PZ-22,2,2000,4000
151,2026-05-26,190,1,64,Clutch presur plate set zip 1,3,265,795
151,2026-05-26,190,2,98,ZIP 1 MAGNET COIL RING HERO,3,950,2850
151,2026-05-26,190,3,69,ZIP Carburetor PZ-22,2,1980,3960
152,2026-05-26,193,1,46,ZIP 1 CHAIN KIT GOLD 38-15 CD-70,11,1400,15400
152,2026-05-26,193,2,99,ZIP 1 MAGNET COIL RING CDI 70,4,1000,4000
153,2026-05-26,230,1,64,Clutch presur plate set zip 1,8,265,2120
153,2026-05-26,230,2,99,ZIP 1 MAGNET COIL RING CDI 70,9,1050,9450
154,2026-05-15,155,1,111,FRONT SHOCK  JH90 ZIP 1,100,3200,320000
154,2026-05-15,155,2,112,FRONT SHOCK CDI70-ZIP 1,30,3000,90000
154,2026-05-15,155,3,113,FRONT SHOCK CDI125-ZIP 1,20,3300,66000
154,2026-05-15,155,4,117,REAR SHOCK GENUINE TYPE BLK-ZIP 1,50,1800,90000
154,2026-05-15,155,5,115,REAR SHOCK JH90 RED-ZIP 1,20,2200,44000
155,2026-05-22,188,1,130,WHEEL RIM FRONT,150,725,108750
155,2026-05-22,188,2,128,WHEEL RIM REAR,150,725,108750
156,2026-06-03,163,1,141,FRONT SHOCK ROD JH90 ZIP 1,120,1040,124800
156,2026-06-03,163,2,149,FRONT SHOCK ROD CDI125 ZIP 1,30,1100,33000
156,2026-06-03,163,3,148,FRONT SHOCK ROD CDI70 ZIP 1,30,1000,30000
157,2026-06-09,6,1,95,ZIP 1 PUSH LOCK,500,430,215000
158,2026-06-09,86,2,71,ZIP 1 Clutch Plate Set CD-70 Green,1000,110,110000
159,2026-06-10,94,1,143,CARBURETOR PZ22 ZIP 1,500,1540,770000
160,2026-06-10,136,1,133,MAGNET PLATE CDI70,200,215,43000
160,2026-06-10,136,2,144,C.D.I GUTKA COIL CDI 70 ZIP1,300,248,74400
160,2026-06-10,136,3,98,ZIP 1 MAGNET COIL RING HERO,120,615,73800
160,2026-06-10,136,4,99,ZIP 1 MAGNET COIL RING CDI 70,1080,635,685800
161,2026-06-10,13,1,100,ZIP 1 BRAKE SHOE FMC,1745,182,317590
162,2026-06-10,116,1,98,ZIP 1 MAGNET COIL RING HERO,3,1150,3450
162,2026-06-10,116,2,50,ZIP Spoke 2.50-17,4,312.5,1250
162,2026-06-10,116,3,111,FRONT SHOCK  JH90 ZIP 1,2,4500,9000
162,2026-06-10,116,4,112,FRONT SHOCK CDI70-ZIP 1,1,4300,4300
163,2026-06-13,14,1,147,PLUG COIL STAR,61,240,14640
164,2026-06-15,14,1,91,Chimta Bush CD-70,250,79.55,19887.5
165,2026-06-16,326,1,128,WHEEL RIM REAR,20,800,16000
166,2026-06-17,143,1,123,ONLY FRY WHEEL MAGNET ZIP 1,300,1080,324000
167,2026-06-17,328,1,150,WHEEL CHAIN KIXX 104 LINK,100,460,46000
168,2026-06-17,329,1,151,SPROKET SET 38/15,50,300,15000
168,2026-06-17,329,2,152,SPROKET SET 41/14,50,300,15000
169,2026-06-18,288,1,140,SPARK PLUG NIN C7HSA,4000,55,220000
170,2026-06-18,328,1,150,WHEEL CHAIN KIXX 104 LINK,120,460,55200
171,2026-06-22,329,1,151,SPROKET SET 38/15,90,300,27000
171,2026-06-22,329,2,153,REAR SPROKET 38T,30,200,6000
172,2026-06-23,70,1,100,ZIP 1 BRAKE SHOE FMC,540,295,159300
173,2026-06-27,75,1,104,CYLINDER KIT 78CM ZIP 1,5,2500,12500
174,2026-06-29,151,1,105,CYLINDER KIT 72CM ZIP 1,50,1530,76500
174,2026-06-29,151,2,104,CYLINDER KIT 78CM ZIP 1,120,1530,183600
174,2026-06-29,151,3,106,CYLINDER KIT 97CM ZIP 1,100,1700,170000
176,2026-05-15,56,1,107,BATTERY NS 40,4,4500,18000
176,2026-05-15,56,2,129,BATTERY 12V ZIP,4,980,3920
177,2026-06-29,255,1,99,ZIP 1 MAGNET COIL RING CDI 70,9,1050,9450
179,2026-06-30,160,1,99,ZIP 1 MAGNET COIL RING CDI 70,7,920,6440
179,2026-06-30,160,2,102,MAGNET COMPLETE CDI-70 ZIP 1,1,3000,3000
179,2026-06-30,160,3,113,FRONT SHOCK CDI125-ZIP 1,2,4500,9000
179,2026-06-30,160,4,118,REAR SHOCK CDI-125 ZIP 1,1,3000,3000
179,2026-06-30,160,5,66,Clutch plate CD-70 Green Set,1,145,145
179,2026-06-30,160,6,123,ONLY FRY WHEEL MAGNET ZIP 1,1,1400,1400
180,2026-06-30,105,1,99,ZIP 1 MAGNET COIL RING CDI 70,2,1050,2100
181,2026-07-01,151,1,104,CYLINDER KIT 78CM ZIP 1,180,1530,275400
182,2026-07-06,163,1,119,FRONT SHOCK JH.90 RECO STAR,30,2700,81000
182,2026-07-06,163,2,120,FRONT SHOCK CDI.70 RECO STAR,50,2500,125000
183,2026-07-06,76,1,60,CHAIN COVER 0.6MM ZIP 1,200,490,98000
183,2026-07-06,76,2,127,"CHAIN COVER""5MM"" ZIP 1",500,416,208000
184,2026-07-07,13,1,100,ZIP 1 BRAKE SHOE FMC,600,182,109200
185,2026-07-08,158,1,126,"CARBURETOR PZ 16""ZIP 1""",2,2100,4200
185,2026-07-08,158,2,61,Carburetor PZ-22,1,2000,2000
185,2026-07-08,158,3,99,ZIP 1 MAGNET COIL RING CDI 70,1,1050,1050
186,2026-07-08,58,1,50,ZIP Spoke 2.50-17,158,320,50560
186,2026-07-08,58,2,51,ZIP Spoke 300-17 Long Nipple,108,390,42120
187,2026-07-08,81,1,46,ZIP 1 CHAIN KIT GOLD 38-15 CD-70,1,1400,1400
189,2026-07-08,305,1,130,WHEEL RIM FRONT,51,800,40800
189,2026-07-08,305,2,128,WHEEL RIM REAR,52,800,41600
190,2026-07-08,20,1,127,"CHAIN COVER""5MM"" ZIP 1",24,545,13080
190,2026-07-08,20,2,99,ZIP 1 MAGNET COIL RING CDI 70,6,920,5520
190,2026-07-08,20,3,50,ZIP Spoke 2.50-17,9,325,2925
190,2026-07-08,20,4,51,ZIP Spoke 300-17 Long Nipple,82,372,30504
190,2026-07-08,20,5,123,ONLY FRY WHEEL MAGNET ZIP 1,7,1450,10150
190,2026-07-08,20,6,60,CHAIN COVER 0.6MM ZIP 1,60,620,37200
190,2026-07-08,20,7,99,ZIP 1 MAGNET COIL RING CDI 70,1,920,920
191,2026-07-10,94,1,154,CARBURETOR PZ18 EURO2,50,1510,75500
191,2026-07-10,94,2,135,CARBURETOR PZ27 CDI 125,40,1550,62000
192,2026-07-13,13,1,100,ZIP 1 BRAKE SHOE FMC,405,182,73710
193,2026-07-14,36,1,143,CARBURETOR PZ22 ZIP 1,3,2050,6150
193,2026-07-14,36,2,66,Clutch plate CD-70 Green Set,1,145,145
193,2026-07-14,36,3,101,PRESURE PLATE SET-ZIP 1,2,120,240
193,2026-07-14,36,4,100,ZIP 1 BRAKE SHOE FMC,1,265,265
194,2026-07-15,306,1,155,SPOKE 2X50X17 ZIP 1,600,230,138000
195,2026-07-15,6,1,95,ZIP 1 PUSH LOCK,498,430,214140
196,2026-07-15,128,2,69,ZIP Carburetor PZ-22,1,1990,1990
196,2026-07-15,128,2,99,ZIP 1 MAGNET COIL RING CDI 70,2,1050,2100
197,2026-07-16,332,1,51,ZIP Spoke 300-17 Long Nipple,1,450,450
197,2026-07-16,332,2,50,ZIP Spoke 2.50-17,1,400,400
197,2026-07-16,332,3,122,REAR SHOCK CDI70 BLK(H)RECO STAR,1,2200,2200
197,2026-07-16,332,4,125,SILENCER BEST LIFE,1,1550,1550
197,2026-07-16,332,5,120,FRONT SHOCK CDI.70 RECO STAR,1,3500,3500
197,2026-07-16,332,6,60,CHAIN COVER 0.6MM ZIP 1,1,650,650
197,2026-07-16,332,7,130,WHEEL RIM FRONT,1,900,900
198,2026-07-16,239,1,143,CARBURETOR PZ22 ZIP 1,2,2050,4100
198,2026-07-16,239,2,106,CYLINDER KIT 97CM ZIP 1,3,2900,8700
199,2026-07-16,13,1,100,ZIP 1 BRAKE SHOE FMC,1080,182,196560
200,2026-07-18,131,1,121,REAR SHOCK JH90 BLK RECO STAR,50,2000,100000
201,2026-07-18,321,1,46,ZIP 1 CHAIN KIT GOLD 38-15 CD-70,10,1406.5,14065
202,2026-07-21,354,1,156,"CHAIN KIT""CG125"" MAK 4",200,1220,244000
203,2026-07-21,136,1,99,ZIP 1 MAGNET COIL RING CDI 70,1200,635,762000
203,2026-07-21,136,2,144,C.D.I GUTKA COIL CDI 70 ZIP1,1000,248,248000
204,2026-07-23,236,1,64,Clutch presur plate set zip 1,92,270,24840
205,2026-07-25,213,1,121,REAR SHOCK JH90 BLK RECO STAR,1,2400,2400
206,2026-07-25,176,1,143,CARBURETOR PZ22 ZIP 1,1,1980,1980
207,2026-07-25,254,1,143,CARBURETOR PZ22 ZIP 1,2,2000,4000
207,2026-07-25,254,2,126,"CARBURETOR PZ 16""ZIP 1""",1,1950,1950
208,2026-07-25,159,1,113,FRONT SHOCK CDI125-ZIP 1,1,4500,4500
208,2026-07-25,159,2,118,REAR SHOCK CDI-125 ZIP 1,2,3200,6400
208,2026-07-25,159,3,122,REAR SHOCK CDI70 BLK(H)RECO STAR,1,2000,2000
208,2026-07-25,159,4,95,ZIP 1 PUSH LOCK,1,520,520
209,2026-07-25,213,1,143,CARBURETOR PZ22 ZIP 1,1,2000,2000
209,2026-07-25,213,2,95,ZIP 1 PUSH LOCK,1,480,480
209,2026-07-25,213,3,64,Clutch presur plate set zip 1,1,265,265
210,2026-07-27,131,1,121,REAR SHOCK JH90 BLK RECO STAR,50,2000,100000
211,2026-07-27,133,1,117,REAR SHOCK GENUINE TYPE BLK-ZIP 1,1,2600,2600
212,2026-07-28,306,1,155,SPOKE 2X50X17 ZIP 1,600,230,138000
213,2026-07-28,76,1,60,CHAIN COVER 0.6MM ZIP 1,300,490,147000
214,2026-07-28,76,1,127,"CHAIN COVER""5MM"" ZIP 1",500,450,225000
215,2026-07-28,104,1,111,FRONT SHOCK  JH90 ZIP 1,2,4100,8200
216,2026-07-29,358,1,160,METER CASE LED SHINE HONDA ZIP1,300,152,45600
216,2026-07-29,358,2,157,METER CASE LED SHINE UNIQUE ZIP1,300,152,45600
216,2026-07-29,358,3,158,METER CASE LED SHINE SUPER POWER ZIP1,200,152,30400
216,2026-07-29,358,4,159,METER CASE LED SHINE SUPER STAR ZIP1,200,152,30400
216,2026-07-29,358,5,162,"METER LED SHINE""HONDA""ZIP1",150,510,76500
216,2026-07-29,358,6,161,"METER LED SHINE""UNIQUE""ZIP1",150,510,76500
216,2026-07-29,358,7,164,"METER LED SHINE""SUPER POWER""ZIP1",100,510,51000
216,2026-07-29,358,8,163,"METER LED SHINE""SUPER STAR""ZIP1",100,510,51000
217,2026-08-03,6,1,95,ZIP 1 PUSH LOCK,500,430,215000
218,2026-08-03,288,1,140,SPARK PLUG NIN C7HSA,2500,55,137500
219,2026-08-03,131,1,119,FRONT SHOCK JH.90 RECO STAR,6,2800,16800
220,2026-08-06,68,1,143,CARBURETOR PZ22 ZIP 1,48,1900,91200
221,2026-08-07,359,1,165,"PISTON KIT SOHRAB""STD""ZIP1",200,380,76000
221,2026-08-07,359,2,166,"PISTON KIT SOHRAB""50""ZIP1",200,380,76000
221,2026-08-07,359,3,169,"PISTON KIT SOHRAB""100"" ZIP1",200,380,76000
221,2026-08-07,359,4,168,"PISTON KIT SOHRAB""150"" ZIP1",250,380,95000
222,2026-08-07,131,1,119,FRONT SHOCK JH.90 RECO STAR,18,2800,50400
223,2026-08-07,94,1,143,CARBURETOR PZ22 ZIP 1,300,1540,462000
223,2026-08-07,94,2,126,"CARBURETOR PZ 16""ZIP 1""",300,1540,462000
223,2026-08-07,94,3,154,CARBURETOR PZ18 EURO2,100,1510,151000
223,2026-08-07,94,4,135,CARBURETOR PZ27 CDI 125,100,1550,155000
224,2026-08-08,306,1,94, SPARK PLUG C7HSA H.D.R,4800,53,254400
224,2026-08-08,306,2,170,SPOKE 300X17 ZIP 1,800,290,232000
225,2026-08-08,131,1,119,FRONT SHOCK JH.90 RECO STAR,6,2800,16800
226,2026-08-10,342,1,97,WHEEL RIM SET,10,850,8500
227,2026-08-11,56,1,107,BATTERY NS 40,2,4500,9000
228,2026-08-11,136,1,99,ZIP 1 MAGNET COIL RING CDI 70,504,635,320040
228,2026-08-11,136,2,98,ZIP 1 MAGNET COIL RING HERO,96,615,59040
229,2026-08-11,131,1,119,FRONT SHOCK JH.90 RECO STAR,96,2800,268800
230,2026-08-13,13,1,100,ZIP 1 BRAKE SHOE FMC,1020,182,185640
231,2026-08-13,143,1,123,ONLY FRY WHEEL MAGNET ZIP 1,300,1115,334500
232,2026-08-19,358,1,161,"METER LED SHINE""UNIQUE""ZIP1",150,510,76500
232,2026-08-19,358,2,162,"METER LED SHINE""HONDA""ZIP1",100,510,51000
232,2026-08-19,358,3,164,"METER LED SHINE""SUPER POWER""ZIP1",50,510,25500
232,2026-08-19,358,4,163,"METER LED SHINE""SUPER STAR""ZIP1",50,510,25500
232,2026-08-19,358,5,171,"METER LED SHINE""HI SPEED"" ZIP1",100,510,51000
232,2026-08-19,358,6,157,METER CASE LED SHINE UNIQUE ZIP1,150,152,22800
232,2026-08-19,358,7,158,METER CASE LED SHINE SUPER POWER ZIP1,150,152,22800
232,2026-08-19,358,8,160,METER CASE LED SHINE HONDA ZIP1,100,152,15200
232,2026-08-19,358,9,159,METER CASE LED SHINE SUPER STAR ZIP1,100,152,15200
233,2026-08-19,36,1,143,CARBURETOR PZ22 ZIP 1,2,1940,3880
233,2026-08-19,36,2,100,ZIP 1 BRAKE SHOE FMC,1,275,275
233,2026-08-19,36,3,95,ZIP 1 PUSH LOCK,1,523,523
233,2026-08-19,36,4,99,ZIP 1 MAGNET COIL RING CDI 70,2,1067,2134
233,2026-08-19,36,5,117,REAR SHOCK GENUINE TYPE BLK-ZIP 1,1,2425,2425
233,2026-08-19,36,6,121,REAR SHOCK JH90 BLK RECO STAR,1,2328,2328
234,2026-08-21,335,,111,FRONT SHOCK  JH90 ZIP 1,2,4600,9200
234,2026-08-21,335,,95,ZIP 1 PUSH LOCK,5,530,2650
235,2026-08-21,330,,95,ZIP 1 PUSH LOCK,5,520,2600
236,2026-08-22,3,1,46,ZIP 1 CHAIN KIT GOLD 38-15 CD-70,340,950,323000
237,2026-08-24,364,1,57,ZIP 1 CHAIN KIT Gold 41-14 CD-70,1,1450,1450
238,2026-08-25,13,1,100,ZIP 1 BRAKE SHOE FMC,2280,180,410400
239,2026-08-27,170,1,111,FRONT SHOCK  JH90 ZIP 1,1,4500,4500
240,2026-08-27,141,1,99,ZIP 1 MAGNET COIL RING CDI 70,2,1000,2000
241,2026-08-29,151,1,104,CYLINDER KIT 78CM ZIP 1,300,1530,459000
242,2026-08-29,163,1,121,REAR SHOCK JH90 BLK RECO STAR,108,1800,194400
242,2026-08-29,163,2,142,REAR SHOCK JH90 RED RECO STAR,12,1800,21600
243,2026-08-29,3,1,47,ZIP 1 CHAIN KIT RED 38-15 CD-70,100,890,89000
243,2026-08-29,3,2,57,ZIP 1 CHAIN KIT Gold 41-14 CD-70,200,985,197000
244,2026-08-29,359,1,165,"PISTON KIT SOHRAB""STD""ZIP1",199,380,75620
244,2026-08-29,359,2,166,"PISTON KIT SOHRAB""50""ZIP1",396,380,150480
244,2026-08-29,359,3,168,"PISTON KIT SOHRAB""150"" ZIP1",250,380,95000
245,2026-08-31,359,1,169,"PISTON KIT SOHRAB""100"" ZIP1",99,380,37620
245,2026-08-31,359,2,172,"PISTON KIT GN5""100"" ZIP 1",129,390,50310
246,2026-09-01,104,,148,FRONT SHOCK ROD CDI70 ZIP 1,1,1250,1250
247,2026-09-01,25,,48,ZIP 1 CHAIN KIT RED 41-14 CD-70,2,1300,2600
247,2026-09-01,25,,46,ZIP 1 CHAIN KIT GOLD 38-15 CD-70,1,1300,1300
247,2026-09-01,25,,155,SPOKE 2X50X17 ZIP 1,174,287.5,50025
247,2026-09-01,25,,64,Clutch presur plate set zip 1,1,245,245
247,2026-09-01,25,,99,ZIP 1 MAGNET COIL RING CDI 70,1,900,900
247,2026-09-01,25,,111,FRONT SHOCK  JH90 ZIP 1,1,4100,4100
247,2026-09-01,25,,114,REAR SHOCK JH90 BLK-ZIP 1,1,2700,2700
248,2026-09-01,161,,46,ZIP 1 CHAIN KIT GOLD 38-15 CD-70,6,1430,8580
248,2026-09-01,161,,96,ZIP 1HEAD COMPLETE EURO,2,4800,9600
249,2026-09-01,315,,130,WHEEL RIM FRONT,1,835,835
250,2026-09-01,149,,143,CARBURETOR PZ22 ZIP 1,2,1900,3800
250,2026-09-01,149,,99,ZIP 1 MAGNET COIL RING CDI 70,1,1000,1000
251,2026-09-01,345,,127,"CHAIN COVER""5MM"" ZIP 1",1,550,550
252,2026-09-01,233,,126,"CARBURETOR PZ 16""ZIP 1""",2,2000,4000
252,2026-09-01,233,,99,ZIP 1 MAGNET COIL RING CDI 70,7,1100,7700
252,2026-09-01,233,,143,CARBURETOR PZ22 ZIP 1,2,2000,4000
253,2026-09-01,279,,143,CARBURETOR PZ22 ZIP 1,1,2050,2050
253,2026-09-01,279,,94, SPARK PLUG C7HSA H.D.R,1,75,75
