"partner_id","odoo_name","oracle_name","ccode","odoo_balance","oracle_balance","difference"
"1782","ZIP","ZIP","14","3417290","55905","3361385"
"1682","M.A Autos UP","M.A AUTO UP","222","30380","353613.5","-323233.5"
"1712","Noorani Autos Badin","NOORANI AUTOS BADIN","53","0","221350","-221350"
"1679","M Umer Badeen","M UMER BADIN","150","302800","492760","-189960"
"1595","Asgher Autos UP","ASGHER AUTO UP","157","279300","119300","160000"
"1730","Rajput Autos Sabri Chowk","RAJPUT AUTO SABRI CHOWK ORANGI","112","38900","190180","-151280"
"1736","Retail Sale","RETAIL SALE","1","0","145825","-145825"
"1598","Aslam Autos Maripur","ASLAM AUTOS MARIPUR","98","23600","165950","-142350"
"1623","F.A Autos Thatta","F.A AUTOS THATTA","34","-1780","133220","-135000"
"1884","Shahzad Auto Gawadar","SHAHZAD AUTO GAWADAR","320","90677.75","209237.75","-118560"
"1590","Amjad Noor","AMJAD NOOR","23","-9305","105155","-114460"
"1875","Makran Auto Turbat","MAKRAN AUTO TURBAT","323","114760","760","114000"
"1734","Raza Autos Korangi","RAZA AUTOS KORANGI","58","-41880","63900","-105780"
"1602","Azan Autos Jimmy Landhi","AZAN AUTOS JIMMY LANDHI","26","-3050","102072.5","-105122.5"
"1584","Ali Autos Islam Chowk","ALI AUTOS ISLAM CHOWK","20","-53064","47185","-100249"
"1674","Khataomal Pangrio","KHATAOMAL PANGRIO","42","243500","143500","100000"
"1775","Waqas Autos Islam Chowk","WAQAS AUTOS ISLAM CHOWK","69","423291.5","513681.5","-90390"
"1687","Madina Auto Al-Asif Square","MADINA AUTO AL-ASIF SQUARE","204","132490","45990","86500"
"1732","Rana Autos Landhi","RANA AUTOS LANDHI","57","436399","358399","78000"
"1669","Kazim Auto Bagh-e-Korangi","KAZIM AUTO BAG E KORANGI","243","29690","104236.25","-74546.25"
"1592","Arif Autos Landhi","ARIF AUTOS LANDHI","68","198350","272351","-74001"
"1601","Azan Auto Badin","AZAN AUTO BADIN","25","183850","113001","70849"
"1639","Hamza Khan Autos Orangi Town","HAMZA KHAN AUTOS ORANGI TOWN","71","43570","114280","-70710"
"1753","Sheikh Auto Pehalwan Goth","SHEIKH AUTO PEHALWAN GOTH","149","27640","97640","-70000"
"1666","Junaid Autos Shah Faisal","JUNAID AUTO SHAHFAISAL","153","20273","85663.5","-65390.5"
"1760","Sumair Autos Golimar","SUMAIR AUTO GOLIMAR","156","21900","84644.6","-62744.6"
"1826","Noor Autos Jhuddo","NOOR AUTO JHUDDO","264","57730","0","57730"
"1672","Khan Shahrukh Autos Korangi","KHAN SHAHRUKH AUTO KORANGI","137","5050","60600","-55550"
"1756","Star Autos Maymar","STAR AUTO MAYMAR","164","27100","78375","-51275"
"1737","Rider Auto Parts","RIDER AUTO PARTS","59","596714","546714","50000"
"1729","Rahim Bhai Classic Motorcycle","RAHIM BHAI CLASSIC MOTORCYCLE","56","135560","85560","50000"
"1575","Adnan Auto fast Waterpump","ADNAN AUTO FAST","132","262700","215500","47200"
"1772","Wajahat Supplier Market","WAJAHAT SUPPLIER MARKET","221","46000","0","46000"
"1860","Bilal Jan Autos Gawadar","BILAL JAN AUTO GAWADAR","319","44840","0","44840"
"1755","Star Autos Malir","STAR AUTO MALIR","231","189620","145070","44550"
"1840","Subhan Allah Autos Sachal","SUBHAN ALLAH AUTO SACHAL","281","24700","67700","-43000"
"1660","Jameel Autos Lee Market","JAMEEL AUTOS LEE MARKET","67","50500","8500","42000"
"1613","Babu Autos Sindhi Hotel","BABU AUTO SINDHI HOTEL","109","67290","109240","-41950"
"1656","Izzat Agha Autos Rabia City","IZZAT AGA AUTO RABIA CITY","253","27650","66900","-39250"
"1768","Unique Auto Landhi","UNIQUE AUTOS LANDHI","70","197100","234640","-37540"
"1640","Hanif Supplier","HANIF SUPPLIER","37","-8914","28336","-37250"
"1836","Hafeez Auto Ghazi Goth","HAFEEZ AUTO GHAZI GOTH","287","88350","122440","-34090"
"1619","Bismillah Autos Water Pump","BISMILLAH AUTO WATER PUMP","217","31390","65290","-33900"
"1600","Ayan Autos Clifton","AYAN AUTOS CLIFTON","24","-2436","31094","-33530"
"1894","Haji Auto Jamali Pull","HAJI AUTO JAMALI PULL","340","122550","90550","32000"
"1633","Hadia K1 North Nazimabad","HADIA K1 NORTH NAZIMABAD","36","48350","79210","-30860"
"1784","Zaib Autos Waterpump","ZAIB AUTO WATER PUMP","128","14740","-15460","30200"
"1695","Mama Jamali Autos Badin","MAMA JAMALI AUTO BADIN","171","44000","14000","30000"
"1820","Munawar Ghambat","MUNAWAR GUMBHAT","275","77350","47350","30000"
"1871","M Umar Auto Nasir Jump Korangi","M.UMAR AUTO NASIR JUMP KORANGI","331","47900","17900","30000"
"1685","M/S Auto Gulshan 13-D","M/S AUTO GULLSHAN 13D","215","77800","48000","29800"
"1715","Osama Islam Chowk","OSAMA ISLAM CHOWK","92","41710","13710","28000"
"1670","Khalil Auto Rabia City","KHALIL AUTO RABIA CITY","228","0","27500","-27500"
"1651","Imran Autos Faqeera Goth","IMRAN AUTO FAQEERA GOTH","229","77400","50000","27400"
"1630","Ghazi Autos Golarchi","GHAZI AUTOS GOLARCHI","96","18700","45100","-26400"
"1827","Imran Autos Pehalwan Goth","IMRAN AUTO PEHALWAN GOTH","259","47750","21750","26000"
"1704","Nasir Autos Peoples Chowrangi","NASIR AUTO PEOPELS CHORANGI","246","39645","13645","26000"
"1739","Rizwan Supplier Korangi","RIZWAN SUPPLIER KORANGI","60","81181","106900.9","-25719.9"
"1643","Honda Autos Karachi Pakistan Chowk","HONDA KARACHI PAKISTAN CHOWK","115","107955","82755","25200"
"1752","Shayan Autos UP","SHAYAN AUTO U.P","161","43235","18235","25000"
"1655","Irfan Auto Shah Faisal","IRFAN AUTO SHAH FAISAL","148","48813","23813","25000"
"1867","Insaf Autos Liyari 36","INSAF AUTO LIYARI 36","311","405","24849","-24444"
"1708","New Kakar Autos PIDC","NEW KAKAR AUTOS PIDC","51","133750","109350","24400"
"1604","B.S Aliyan Autos Water Pump","B.S ALIYAN AUTO WATER PUMP","178","41580","18410","23170"
"1616","Bilal Supplier","ASIF SUPPLIER ZIP 1","116","98310","121005","-22695"
"1828","Madni Autos Pehalwan Goth","MADNI AUTO PEHALWAN GOTH","266","49900","71490","-21590"
"1597","Asim Brothers Market","ASIM BROTHERS MARKET","138","20800","0","20800"
"1657","J & B Autos Shah Latif","J&B AUTO SHAH LATIF","237","20600","0","20600"
"1880","Pak Auto Shah Faisal Sector 22B","PAK AUTO SHAHFAISAL SECTOR 22B","334","68550","48550","20000"
"1758","Sufi Bilal Colony (Wheel Rim)","SUFI BILAL COLONY KORANGI","199","47650","27650","20000"
"1779","Yousuf Auto Sato Mal","YOUSUF AUTO SATO MAIL","133","60560","40560","20000"
"1761","Sumair Autos Golimar (Wheel Rim)","SUMAIR GOLIMAR W/RIM","201","20880","880","20000"
"1691","Malik Auto Lines Area","MALIK AUTO LINES AREA","77","24620","44020","-19400"
"1731","Rajput Autos Sabri Chowk (Wheel Rim)","RAJPUT AUTO ORANGI W/RIM","241","5660","24300","-18640"
"1580","Al-Haj Auto Mansehra Colony","AL-HAJ AUTO MANSERA COLONY","239","23100","4800","18300"
"1754","Sindh Kohli Samaro","SINDH KOHLI SAMARO","83","7000","25250","-18250"
"1823","Rizwan Autos Malir","RIZWAN AUTO MALIR","273","38620","56320","-17700"
"1671","Khan Autos Peoples Chowrangi","KHAN AUTO PEOPELS CHOWRANGI","193","6500","23900","-17400"
"1686","M/S Auto Gulshan 13-D (Wheel Rim)","M/S AUTO 13D W/RIM","216","10650","26850","-16200"
"1723","Qismat Autos Tando Ghulam Ali","QISMAT AUTO TANDO GHULAM ALI","226","31950","15950","16000"
"1650","Imran Auto Sher Pao","IMRAN AUTO SHER PAO","238","51450","67350","-15900"
"1855","Ali Autos Islam Chowk (Wheel Rim)","ALI AUTO ISLAM CHOWK W/RIM","305","77600","92886","-15286"
"1877","Naseer Auto Liyari 36","NASEER AUTO LIYARI 36","321","0","15034","-15034"
"1818","Rehan Autos Shah Faisal","REHAN AUTO SHAH FAISAL","276","30781","15781","15000"
"1720","Qadri Autos Shah Faisal","QADRI AUTO SHAH FAISAL","167","45355","30355","15000"
"1886","Shayan Autos UP  (Wheel Rim)","SHAYAN AUTO UP W/RIM","315","38560","23560","15000"
"1882","Saleem Auto Maymar","SALEEM AUTO MAYMAR","282","28700","13700","15000"
"1783","Zafar Autos Sabzi Mandi","ZAFAR AUTO SABZI MANDI","211","15990","990","15000"
"1690","Makka Autos Korangi 3 Number","MAKKA AUTO KORANGI 3 NUMBER","181","26550","11550","15000"
"1878","Noorani Autos Safora","NOORANI AUTO SAFORA","337","93850","108591.5","-14741.5"
"1869","Iqbal Autos Quaidabad","IQBAL AUTO QAIDABAD","298","35348","20848","14500"
"1702","Naseer Auto Vinder","NASEER AUTO VINDER","187","31200","45660","-14460"
"1835","Kashif R-K W/RIM","KASHIF R-K W/RIM","262","1600","16000","-14400"
"1610","B.S Korangi 4 POL (Shoaib)","B.S KORANGI 4 POOL","207","20550","7550","13000"
"1591","Ansari Autos Dastagir","ANSARI AUTO DASTAGIR","176","15851","2951","12900"
"1885","Shan Auto Malir","SHAN AUTO MALIR","308","3570","16120","-12550"
"1778","Yasir Autos Sachal Goth","YASIR AUTOS SACHAL GOTH","75","4750","17250","-12500"
"1581","Al-Hamza Autos Mosamiyat","HAMZA AUTO MOSMIYAT","104","57280","45080","12200"
"1572","Abdul Hadi Autos Drig Road","ABDUL HADI AUTO DRIG ROAD","170","31975","19975","12000"
"1718","Parts Wala Auto Landhi 6","PARTS WALA AUTO LANDHI 6","256","23100","11100","12000"
"1763","Taj Autos Mehran Town No. 2","TAJ AUTO MEHRAN TOWN 2","144","41375","29575","11800"
"1757","Subhan Auto Gulshan 13D","SUBHAN AUTO GULSHAN 13D","192","24750","13039.6","11710.4"
"1680","M.A Auto Khopra Par 4 Number","M.A AUTO KHOPRA PAR 4 NUMBER","230","0","11570","-11570"
"1872","Madina Auto Quaidabad","MADINA AUTO QUAIDABAD","330","16080","27130","-11050"
"1853","Ajmeri Autos Sindhi Hotel","AJMERI AUTO SINDHI HOTEL","327","19125","8125","11000"
"1667","Karachi Autos Quaidabad","KARACHI AUTO QUAIDABAD","251","20000","9096","10904"
"1746","Shafi Auto Gulshan Iqbal","SHAFI AUTO GULSHAN IQBAL","191","-10500","0","-10500"
"1830","Hanan Auto Nazimabad","HANAN AUTO NAZIMABAD","268","2745","13075","-10330"
"1642","Hasnain Autos Korangi 51-A","HASNAIN AUTO KORANGI 51 A","227","31480","21480","10000"
"1842","Minhaj Auto Maymar","MINHAJ AUTO MAYMAR","280","24196","14200","9996"
"1854","Al-Rehman Auto Malir","AL-REHMAN AUTO MALIR","292","26500","16645","9855"
"1593","Arsalan Autos 13-D Gulshan","ARSALAN AUTO 13D GULLSHAN","180","9450","0","9450"
"1839","K.K Autos Rabia City","K.K AUTO RABIA CITY","285","60520","51070.5","9449.5"
"1727","R.K Auto Market (Shoaib)","R-K AUTO MARKET","209","1000","10000","-9000"
"1577","Ahmed Raza Autos Rehmania Mor","AHMED RAZA AUTOS REHMANIA MOR","17","21210","12210","9000"
"1568","A.R Autos Bagh-e-Korangi","A.R AUTOS BAGH-E-KORANGI","101","57670","66370","-8700"
"1675","King Auto Behar Colony","KING AUTO BEHAR COLONY","242","1840","10240","-8400"
"1612","Baba And Sons Korangi 5/2","BABA & SONS KORANGI 5/2","255","1050","9450","-8400"
"1829","Hafiz Autos Pehalwan Goth","HAFIZ AUTO PEHALWAN GOTH","267","13395","21655","-8260"
"1776","Waqas Tyre Tube Islam Chowk","WAQAS TYRE TUBE ISLAM CHOWK","89","-8200","0","-8200"
"1766","Tayyaba Surjani","TAYYABA AUTO SURJANI","81","58600","66600","-8000"
"1628","Farooq Autos Shah Faisal","FAROOQ AUTO SHAH FAISAL","174","20000","12000","8000"
"1725","Quetta Autos Shah Latif","QUETTA AUTO SHAHLATIF","236","33300","25300","8000"
"1889","Subhan Auto Gulshan 13D (Wheel Rim)","SUBHAN AUTO 13D W/RIM","307","8100","100","8000"
"1607","B.S Autos Farzan Bakery Korangi","B.S AUTO FARZAN BAK KORANGI","173","24725","16975","7750"
"1668","Kartar Autos Chouhar Jamali","KARTAR AUTO CHOUARJAMALI","119","7500","0","7500"
"1762","Taj Autos Mehran Town","TAJ AUTO MEHRAN TOWN 1","114","18815","26265","-7450"
"1653","Iqbal Autos Baldia 4 No.","IQBAL AUTO BALDIA","139","-6020","980","-7000"
"1819","Shafi Auto Memon Goth","SHAFI AUTO MEMON GOTH","220","99610","106610","-7000"
"1876","Miraj Auto M.Khan Goth","MIRAJ AUTO M.KHAN GOTH","322","22450","15450","7000"
"1688","Madina Auto Azizabad","MADINA AUTO AZIZABAD","142","15690","8690","7000"
"1899","Siddique Auto Landhi","SIDDIQUE AUTO LANDHI","293","-1680","4970","-6650"
"1824","A.M Autos Malir","A.M AUTO MALIR","274","15190","8650","6540"
"1862","Deewan Auto Shah Faisal","DEEWAN AUTO SHAH FAISAL","336","18890","25390","-6500"
"1717","Pakistan Autos Quaidabad","PAKISTAN AUTO QUAIDABAD","158","28925","35225","-6300"
"1614","Bhatti Autos Gulshan Block 2","BHATTI AUTO GULSHAN BLK 2","120","14300","8300","6000"
"1585","Ali Break Shoe Qayyumabad","ALI AUTO MEHMODABAD","141","13320","19320","-6000"
"1890","Tiger Autos Lucky Star","TIGER AUTO LUCKY STAR","310","15550","9550","6000"
"1624","Faisal Autos Azeem Pura","FAISAL AUTO AZEEM PURA","248","9300","3300","6000"
"1574","Abid Autos Lucky Star","ABID AUTO LUCKY STAR","223","22550","17050","5500"
"1696","Mamu","SALEEM MAMU","102","5280","0","5280"
"1596","Asif Autos Sabzi Mandi","ASIF AUTO SABZI MANDI","190","21015","15975","5040"
"1692","Mama A-1 Gulshan 13-D","MAMA A-1 GULSHAN 13D","140","5060","60","5000"
"1777","Warsi Auto Nazimabad","WARSI AUTO NAZIMABAD","254","21600","16600","5000"
"1864","Faisal Auto Pehalwan Goth","FAISAL AUTO PEHAWAN GOTH","291","13900","8900","5000"
"1857","Aslam Auto Majeed Colony","ASLAM AUTO MAJEED COLONY","316","27750","22750","5000"
"1834","Asad Autos Malir","ASAD AUTO MALIR","260","6350","2000","4350"
"1780","Yousuf Autos Gulshan 13 D","YOUSUF AUTO GULLSHAN 13D","213","27355","23091.1","4263.9"
"1700","Mashood Supplier","MASHOOD SUPPLIER","47","0","3800","-3800"
"1888","Siddique Auto Bilal Colony","SIDDIQUE AUTO BILAL COLONY","295","30500","26925","3575"
"1567","A.H Autos Orangi L Block","A.H AUTO ORANGI L BLOCK","105","3705","7055","-3350"
"1747","Shah Ji Autos Peoples Chowk","SHAH JI AUTO PEOPELS CHOWK","210","-1555","1745","-3300"
"1858","Awami Autos Faqeera Goth","AWAMI AUTO FAQEERA GOTH","297","6204","3204","3000"
"1606","B.S Autos Azizabad","B.S AUTO AZIZABAD","129","17050","19950","-2900"
"1750","Shamim Autos Kala Board","SHAMIM AUTO KALA BOARD","233","7056","9631","-2575"
"1637","Hamza Autos Surjani","HAMZA AUTO SURJANI","111","18400","15900","2500"
"1865","Ghazi Autos Pehalwan Goth","GHAZI AUTO PEHALWAN GOTH","289","41740","39740","2000"
"1873","Mahroof Autos Shah Faisal","MAHROOF AUTO SHAH FAISAL","335","25550","23550","2000"
"1821","Sarwar Autos People's Chowrangi","SARWAR AUTO PEOPELS CHOWRANGI","270","12510","14370","-1860"
"1694","Mama Ashfaq Badin","MAMA ASHFAQ BADIN","186","1090","0","1090"
"1735","Rehman Autos Ajmer Nagri","REHMAN AUTO AJMEER NAGRI","79","14810","13810","1000"
"1748","Shama Autos Electric Waterpump","SHAMA AUTO ELECTRIC W/P","182","2200","1200","1000"
"1678","Lucky Autos WaterPump","LUCKY AUTO WATER PUMP","123","26000","25000","1000"
"1626","Farhan Autos Water Pump","FARHAN AUTO WATER PUMP","177","1680","680","1000"
"1832","Arif Autos Rahim Yar Khan","ARIF AUTO RAHIM YAR KHAN","265","5000","5580","-580"
"1887","Shoaib Bhai ZIP 1","SHOAIB AHMED ZIP 1","28","10000","9500","500"
"1665","Junaid Autos Agra Taj","JUNAID AUTO AGRA TAJ","82","61400","61852","-452"
"1638","Hamza Khan Autos Islam Chowk (Wheel Rim)","HAMZA KHAN WHEEL RIM","194","25050","24800","250"
"1773","Waqar Tyre Shop (Wheel Rim)","WAQAS TYRE ORANGI W/RIM","205","11050","10800","250"
"1615","Bhittai Autos Samaro","BHITTAI AUTOS SAMARO","97","70491","70500","-9"
"1870","Kazim Auto Bagh-e-Korangi ( Wheel Rim)","","","0","",""
"1863","Doda Auto Turbat","DODA AUTO TURBAT","324","134403","134403","0"
"1740","Saad Humayun Traders","SAAD HUMAYUN TRADERS","61","0","0","0"
"1582","Al-Karam Auto Market","AL-KARAM AUTO MARKET","121","900","900","0"
"1652","Imran Autos Memom Goth","","","0","",""
"1698","Marwat Autos Scout Colony","","","0","",""
"1771","Usama Autos Jubilee (Shoaib)","","","0","",""
"1622","Decent Autos Orangi Town 1 No","","","0","",""
"1573","Abid Autos Gulshan 13-D","","","23930","",""
"1569","A.R.S Sprocket","","","37070","",""
"1770","Unique Traders Kala Board","UNIQUE TRADERS KALA BOARD","232","2600","2600","0"
"1659","Jaffer Autos Clock Tower","","","0","",""
"1785","Zaib Autos Waterpump (Wheel Rim)","","","0","",""
"1710","Nizam Autos Maymar","NIZAM AUTO MAYMAR","107","7650","7650","0"
"1646","Hussain Autos Shah Faisal","HUSSAIN AUTO SHAH FAISAL","73","222295","222295","0"
"1576","Adnan Surjani 7B","ADNAN SURJANI 7B","91","350","350","0"
"1617","Bilal Wheel Through Sachal","BILAL WHEEL THROUGH SACHAL","29","0","0","0"
"1745","Salman Autos Rehmania Mor","","","0","",""
"1706","Negative Inventory Clearing","","","382.33","",""
"1636","Hammad Surjani","HAMMAD SURJANI","90","50","50","0"
"1897","Rehman Autos Janjal Goth","","","70800","",""
"1724","Quetta Autos Bhains Colony","","","0","",""
"1625","Faisal Autos Korangi","FAISAL AUTOS KORANGI","99","720","720","0"
"1744","Saleem Memon","","","0","",""
"1822","Saleem Autos Peoples Chowrangi","","","-5005","",""
"1707","Nehal Autos Kathore","","","0","",""
"1662","Japan Autos Water Pump","JAPAN AUTO WATER PUMP","175","1040","1040","0"
"1881","Raza Autos Malir","RAZA AUTO MALIR","300","5900","5900","0"
"1850","A.R Autos Bagh-e-Korangi (Wheel Rim)","A.R AUTO KORANGI W/RIM","304","8400","8400","0"
"1896","Owais Auto U.P","OWAIS AUTO U.P","341","10000","10000","0"
"1831","M/S Auto Sachal","M/S AUTO SACHAL","269","10640","10640","0"
"1684","M.S Murad Orangi","M.S MURAD ORANGI","162","140","140","0"
"1849","A-One Auto Naukot","","","65200","",""
"1588","Amanullah Auto Memon Goth","","","-1200","",""
"1852","Ahsan Autos Pehalwan Goth","AHSAN AUTO PEHALWAN GOTH","290","5250","5250","0"
"1663","Jawed Autos Chachro","","","0","",""
"1733","Rana Autos Landhi (Wheel Rim)","RANA LANDHI W/RIM","202","960","960","0"
"1711","Noor Autos Quaidabad","NOOR AUTOS QUAIDABAD","52","0","0","0"
"1629","Final Autos Market","","","0","",""
"1781","Yousuf Autos Gulshan 13 D (Wheel Rim)","","","0","",""
"1701","Mehran Autos Bhens Colony (Shoaib)","","","0","",""
"1714","Orangzaib Autos Shahdadpur","","","0","",""
"1767","Tiger","TIGER","224","0","0","0"
"1627","Farhan Autos Water Pump (Wheel Rim)","FARHAN W/P WHEEL RIM","195","920","920","0"
"1743","Sahibzada Auto 89 Market","SAHIBZADA AUTO 89 MKT","244","3450","3450","0"
"1861","Daniyal Autos Azam Basti","DANIYAL AUTO AZAM BASTI","314","29400","29400","0"
"1570","A.W Autos Water Pump","","","8740","",""
"1579","Akbar Patti","","","2000","",""
"1874","Makka Autos Korangi 3 Number (Wheel Rim)","MAKKA KORANGI #3 W/R","301","8520","8520","0"
"1833","Al-Madina Autos Water Pump","AL-MADINA AUTO WATER PUMP","263","26000","26000","0"
"1676","Lifan Centre Sakro","","","0","",""
"1618","Bilawal Bhai Market (Shoaib)","","","0","",""
"1605","B.S Aliyan Autos Water Pump ( Wheel Rim)","B.S ALIYAN WATER PUMP W/RIM","218","8120","8120","0"
"1589","Amir Autos Mirpur Khas","","","4000","",""
"1738","Rizwan Autos Azeem Pura","","","10500","",""
"1705","Naveed Autos Lakhani Garden","","","2200","",""
"1856","Arif Autos Talhar","ARIF AUTO TALHAR","296","-5800","-5800","0"
"1609","B.S Bakhtawar Goth","B.S BAKHTAWAR GOTH","27","0","0","0"
"1599","Attari Autos Korangi 2.5 No.","","","-500","",""
"1648","Ibrahim Korangi (Shoaib)","IBRAHIM KORANGI (SHOAIB)","38","0","0","0"
"1898","Sami Auto Malir Kala Board","SAMI AUTO MALIR KALA BOARD","345","13300","13300","0"
"1895","Karachi Auto Malir Jinnah Square","","","5250","",""
"1578","Akbar Auto Liyari 36","","","0","",""
"1620","Danish Autos Korangi","","","5","",""
"1603","Azan Autos Jimmy Landhi (Wheel Rim)","","","24000","",""
"1859","B.s Auto Vinder","B.S AUTO VINDER","318","14300","14300","0"
"1764","Talha Qalandriya","TALHA QALANDRIYA","110","0","0","0"
"1769","Unique Autos Landhi (Wheel Rim)","","","0","",""
"1689","Madina Autos Safoora (Shoaib)","","","12300","",""
"1697","Marhaba Autos Orangi Dua Chowk","MARHABA AUTOS ORANGI DUA CHOWK","46","0","0","0"
"1765","Tayyab Autos Mehmoodabad","TAYYAB AUTO MEHMODABAD","169","1600","1600","0"
"1634","Hafeez Autos Khan Bela","HAFEEZ AUTO KHAN BELA","154","131000","131000","0"
"1709","New Riyaz Autos Liyari 36","NEW-RIYAZ AUTO LIYARI 36","184","1750","1750","0"
"1645","Hussain Autos Ajmer Nagri","","","60825","",""
"1654","Iqbal Autos Baldia 4 No. (Wheel Rim)","","","0","",""
"1693","Mama A-1 Gulshan 13-D (Wheel Rim)","","","0","",""
"1586","Ali Break Shoe Qayyumabad (Wheel Rim)","ALI MEHMODABAD WHEEL RIM","197","1780","1780","0"
"1837","Sami Auto Gulshan 13-D","","","10","",""
"1621","Dawood Sultan Autos Orangi Town 1 No","","","0","",""
"1713","Okasha Mehar","OKASHA MEHAR","252","0","0","0"
"1716","Osama North Karachi","OSAMA NORTH KARACHI","118","-3000","-3000","0"
"1742","Saeed Bhai Plaza","SAEED BHAI PLAZA","134","0","0","0"
"1851","Ahmed Raza Autos Rehmania Mor (Wheel Rim)","AHMED RAZA REHMANIA W/RIM","309","25950","25950","0"
"1703","Nasir Autos Orangzaib Market","NASIR AUTO ORANGZAIB MARKET","122","50","50","0"
"1866","Hashtag Traders Landhi 6 Number","","","37925","",""
"1631","Ghosia Jhudoo","GHOUSIA AUTO JHUDDO","103","37400","37400","0"
"1677","Lucky Autos Hyderabad","","","0","",""
"1741","Sadiq Sons Quetta","SADIQ SONS QUETTA","62","0","0","0"
"1664","Jijal Autos Gharo","","","0","",""
"1661","Japan Autos TMK","","","4800","",""
"1841","Shoaib Auto Sachal","SHOAIB AUTO SACHAL","278","25","25","0"
"1571","Abbas Auto Gulberg","","","0","",""
"1868","Insaf Autos Liyari 36 (Wheel Rim)","INSAF LIYARI 36 W/RIM","313","150","150","0"
"1583","Alam Autos Godra","","","0","",""
"1683","M.A Autos Vinder","","","14200","",""
"1649","Imran Auto Malir","IMRAN AUTO MALIR","245","24000","24000","0"
"1719","Prince Autos Sakro","PRINCE AUTOS SAKRO","72","3000","3000","0"
"1749","Shameem Autos Korangi 2.5 Number","","","0","",""
"1751","Shandar Autos Naukot","SHANDAR AUTOS NAUKOT","65","0","0","0"
"1728","R.R Autos Surjani","R.R AUTO SURJANI","185","58350","58350","0"
"1879","Osama Islam Chowk (Wheel Rim)","OSAMA ISLAM CHOWK W/RIM","312","8700","8700","0"
"1759","Sultan Oil Traders","","","-0.03","",""
"1673","Khan Shahrukh Autos Korangi (Wheel Rim)","","","2420","",""
"1883","Sarwar Autos People's Chowrangi (Wheel Rim)","SARWAR AUTO W/RIM","302","4200","4200","0"
"1611","BS Qazi Ahmed","B.S QAZI AHMED","74","0","0","0"
"1774","Waqas Autos Buffer Zone","WAQAS AUTO BUFFER ZONE","159","12175","12175","0"
"1838","Quetta Auto Bakra Piri Malir","QUETTA AUTO BAKRA PIRI MALIR","286","0","0","0"
"1647","I.S Auto Pehalwan Goth","I.S AUTO PEHALWAN GOTH","219","0","0","0"
"1641","Hasan Autos Nazia Square","","","0","",""
"1893","Awami Autos Faqeera Goth (Wheel Rim)","","","34000","",""
"1726","Quetta Autos Sherpao","","","15600","",""
"1844","Asad Auto Maymar","","","0","",""
"1681","M.A Autos Liyari 36","M.A AUTO LIYARI 36","183","50","50","0"
"1721","Qalandri Autos Landhi","QALANDRI AUTO LANDHI","113","75","75","0"
"1644","Huma Autos Korangi","HUMA AUTO KORANGI","145","1950","1950","0"
"1658","Jabbar Hardware and Electric Store Phase 2","","","0","",""
"1843","Habib Auto Maymar","HABIB AUTO MAYMAR","279","4060","4060","0"
"1587","Alvi Autos Baldia 4 No.","ALVI AUTO BALDIA 4 NUMBER","130","38100","38100","0"
"1825","Kamran Autos Shehdad Kot","KAMRAN AUTO SHEHDAD KOT","272","2940","2940","0"
"1817","Nasir Maqbool DTL","NASIR MAQBOOL MKT","277","10320","10320","0"
"1632","Ghousia Autos Maymar (Shoaib)","","","0","",""
"1635","Haji Iqbal Qureshi Autos UP","HAJI IQBAL QURESHI U.P","160","25000","25000","0"
"1608","B.S Autos Quaidabad","","","101750","",""
"1699","Mashallah Autos Water Pump (Wheel Rim)","","","0","",""
"1722","Qasim Autos Hub Chowki","","","0","",""
