"cashno","date","ccode","cname","amount","remarks"
"401","2025-10-01","23","AMJAD NOOR","22500",""
"3","2025-11-13","61","SAAD HUMAYUN TRADERS","14920",""
"13","2025-12-06","25","AZAN AUTO BADIN","2000",""
"10","2025-12-06","25","AZAN AUTO BADIN","48000",""
"11","2025-12-11","25","AZAN AUTO BADIN","30000",""
"14","2025-12-11","25","AZAN AUTO BADIN","20000",""
"56","2026-01-07","34","F.A AUTOS THATTA","38800",""
"103","2026-01-20","28","SHOAIB AHMED ZIP 1","1000",""
"87","2026-01-20","108","SALEEM MEMON MARKET","800","DISCOUNT EXP"
"92","2026-01-21","20","ALI AUTOS ISLAM CHOWK","10000",""
"95","2026-01-22","82","JUNAID AUTO AGRA TAJ","10000",""
"107","2026-01-26","27","B.S BAKHTAWAR GOTH","15000",""
"110","2026-01-26","26","AZAN AUTOS JIMMY LANDHI","15000",""
"126","2026-01-29","90","HAMMAD SURJANI","5000",""
"169","2026-01-30","59","RIDER AUTO PARTS","100000",""
"141","2026-02-02","37","HANIF SUPPLIER","1280",""
"137","2026-02-02","27","B.S BAKHTAWAR GOTH","6800",""
"138","2026-02-02","107","NIZAM AUTO MAYMAR","1820",""
"139","2026-02-02","75","YASIR AUTOS SACHAL GOTH","10900",""
"140","2026-02-02","29","BILAL WHEEL THROUGH SACHAL","14200",""
"173","2026-02-09","118","OSAMA NORTH KARACHI","3000",""
"177","2026-02-10","69","WAQAS AUTOS ISLAM CHOWK","40000",""
"199","2026-02-12","57","RANA AUTOS LANDHI","20000",""
"201","2026-02-12","51","NEW KAKAR AUTOS PIDC","8700",""
"200","2026-02-12","58","RAZA AUTOS KORANGI","10000",""
"246","2026-02-26","20","ALI AUTOS ISLAM CHOWK","20000",""
"247","2026-02-26","115","HONDA KARACHI PAKISTAN CHOWK","20000",""
"289","2026-03-05","123","LUCKY AUTO WATER PUMP","10000",""
"328","2026-03-12","82","JUNAID AUTO AGRA TAJ","15000",""
"341","2026-03-14","61","SAAD HUMAYUN TRADERS","6389",""
"396","2026-03-19","178","B.S ALIYAN AUTO WATER PUMP","2000",""
"395","2026-03-19","179","A.W AUTO WATER PUMP","2000",""
"407","2026-03-20","148","IRFAN AUTO SHAH FAISAL","10000",""
"408","2026-03-20","167","QADRI AUTO SHAH FAISAL","5000",""
"409","2026-03-20","59","RIDER AUTO PARTS","100000",""
"406","2026-03-20","170","ABDUL HADI AUTO DRIG ROAD","3000",""
"402","2026-03-20","71","HAMZA KHAN AUTOS ORANGI TOWN","20000",""
"403","2026-03-20","82","JUNAID AUTO AGRA TAJ","15000",""
"404","2026-03-20","68","ARIF AUTOS LANDHI","20000",""
"416","2026-03-25","176","ANSARI AUTO DASTAGIR","1000",""
"411","2026-03-25","73","HUSSAIN AUTO SHAH FAISAL","200000",""
"435","2026-03-27","177","FARHAN AUTO WATER PUMP","1000",""
"449","2026-03-28","20","ALI AUTOS ISLAM CHOWK","19000",""
"448","2026-03-28","20","ALI AUTOS ISLAM CHOWK","42000",""
"468","2026-03-30","142","MADINA AUTO AZIZABAD","7000",""
"465","2026-03-30","74","B.S QAZI AHMED","36000",""
"456","2026-03-30","203","MASHALLAH WATER PUMP W/RIM","25000",""
"480","2026-03-31","104","HAMZA AUTO MOSMIYAT","49000",""
"476","2026-03-31","182","SHAMA AUTO ELECTRIC W/P","1000",""
"504","2026-04-01","51","NEW KAKAR AUTOS PIDC","20000",""
"501","2026-04-01","192","SUBHAN AUTO GULSHAN 13D","3000",""
"517","2026-04-02","207","B.S KORANGI 4 POOL","3000",""
"511","2026-04-02","114","TAJ AUTO MEHRAN TOWN 1","10000",""
"533","2026-04-06","102","SALEEM MAMU","13500",""
"592","2026-04-07","62","SADIQ SONS QUETTA","62000",""
"593","2026-04-07","56","RAHIM BHAI CLASSIC MOTORCYCLE","100000",""
"595","2026-04-07","97","BHITTAI AUTOS SAMARO","25280",""
"545","2026-04-07","128","ZAIB AUTO WATER PUMP","50000",""
"577","2026-04-07","158","PAKISTAN AUTO QUAIDABAD","8000",""
"580","2026-04-07","106","HASAN AUTO NAZIA SQUARE","2000",""
"597","2026-04-08","193","KHAN AUTO PEOPELS CHOWRANGI","2000",""
"622","2026-04-09","77","MALIK AUTO LINES AREA","15000",""
"627","2026-04-09","161","SHAYAN AUTO U.P","4000",""
"630","2026-04-09","91","ADNAN SURJANI 7B","5000",""
"609","2026-04-09","191","SHAFI AUTO GULSHAN IQBAL","5000",""
"617","2026-04-09","144","TAJ AUTO MEHRAN TOWN 2","7000",""
"618","2026-04-09","215","M/S AUTO GULLSHAN 13D","4000",""
"643","2026-04-10","99","FAISAL AUTOS KORANGI","6000",""
"641","2026-04-10","210","SHAH JI AUTO PEOPELS CHOWK","1000",""
"645","2026-04-10","170","ABDUL HADI AUTO DRIG ROAD","5000",""
"651","2026-04-10","51","NEW KAKAR AUTOS PIDC","15000",""
"650","2026-04-10","165","ORANGZAIB AUTO SHEDAD PUR","36000",""
"634","2026-04-10","213","YOUSUF AUTO GULLSHAN 13D","1000",""
"633","2026-04-10","189","UBAID AUTO GULLSHAN 13D","5000",""
"637","2026-04-10","177","FARHAN AUTO WATER PUMP","1000",""
"639","2026-04-10","176","ANSARI AUTO DASTAGIR","3000",""
"638","2026-04-10","182","SHAMA AUTO ELECTRIC W/P","1000",""
"677","2026-04-13","172","FINAL AUTO MARKET","8600",""
"678","2026-04-13","172","FINAL AUTO MARKET","3720",""
"679","2026-04-13","250","MOHSIN ZIP SHOP","13470",""
"673","2026-04-13","175","JAPAN AUTO WATER PUMP","2000",""
"660","2026-04-13","128","ZAIB AUTO WATER PUMP","25000",""
"663","2026-04-13","121","AL-KARAM AUTO MARKET","10000",""
"664","2026-04-13","107","NIZAM AUTO MAYMAR","10000",""
"685","2026-04-14","69","WAQAS AUTOS ISLAM CHOWK","25000",""
"680","2026-04-14","116","ASIF SUPPLIER ZIP 1","45000",""
"731","2026-04-16","51","NEW KAKAR AUTOS PIDC","15000",""
"727","2026-04-16","114","TAJ AUTO MEHRAN TOWN 1","8000",""
"734","2026-04-17","68","ARIF AUTOS LANDHI","20000",""
"782","2026-04-20","210","SHAH JI AUTO PEOPELS CHOWK","1500",""
"806","2026-04-22","147","JIJAL AUTO GHARO","9520",""
"832","2026-04-23","82","JUNAID AUTO AGRA TAJ","15000",""
"834","2026-04-23","77","MALIK AUTO LINES AREA","10000",""
"813","2026-04-23","137","KHAN SHAHRUKH AUTO KORANGI","10000",""
"822","2026-04-23","215","M/S AUTO GULLSHAN 13D","10000",""
"848","2026-04-24","161","SHAYAN AUTO U.P","3000",""
"847","2026-04-24","213","YOUSUF AUTO GULLSHAN 13D","1000",""
"846","2026-04-24","176","ANSARI AUTO DASTAGIR","2000",""
"1309","2026-04-24","206","AKBER SUZUKI","50000",""
"855","2026-04-24","103","GHOUSIA AUTO JHUDDO","13560",""
"853","2026-04-24","161","SHAYAN AUTO U.P","2000",""
"841","2026-04-24","179","A.W AUTO WATER PUMP","1000",""
"840","2026-04-24","210","SHAH JI AUTO PEOPELS CHOWK","1000",""
"837","2026-04-24","99","FAISAL AUTOS KORANGI","7000",""
"845","2026-04-24","182","SHAMA AUTO ELECTRIC W/P","1000",""
"844","2026-04-24","177","FARHAN AUTO WATER PUMP","1000",""
"843","2026-04-24","175","JAPAN AUTO WATER PUMP","1000",""
"857","2026-04-25","186","MAMA ASHFAQ BADIN","20000",""
"1061","2026-04-27","27","B.S BAKHTAWAR GOTH","5000",""
"863","2026-04-27","179","A.W AUTO WATER PUMP","2000",""
"866","2026-04-27","182","SHAMA AUTO ELECTRIC W/P","2000",""
"907","2026-04-29","121","AL-KARAM AUTO MARKET","10000",""
"928","2026-04-30","67","JAMEEL AUTOS LEE MARKET","25000",""
"908","2026-04-30","215","M/S AUTO GULLSHAN 13D","10000",""
"926","2026-04-30","98","ASLAM AUTOS MARIPUR","20000",""
"1059","2026-05-02","27","B.S BAKHTAWAR GOTH","10000",""
"933","2026-05-02","154","HAFEEZ AUTO KHAN BELA","100000",""
"939","2026-05-02","232","UNIQUE TRADERS KALA BOARD","13150",""
"1002","2026-05-06","245","IMRAN AUTO MALIR","6000",""
"1031","2026-05-07","213","YOUSUF AUTO GULLSHAN 13D","2000",""
"1027","2026-05-07","182","SHAMA AUTO ELECTRIC W/P","2000",""
"1028","2026-05-07","246","NASIR AUTO PEOPELS CHORANGI","3000",""
"1030","2026-05-07","176","ANSARI AUTO DASTAGIR","2000",""
"1022","2026-05-07","208","DANISH AUTO KORANGI 51C","7705",""
"1049","2026-05-08","170","ABDUL HADI AUTO DRIG ROAD","5000",""
"1050","2026-05-08","148","IRFAN AUTO SHAH FAISAL","10000",""
"1047","2026-05-08","227","HASNAIN AUTO KORANGI 51 A","4000",""
"1048","2026-05-08","248","FAISAL AUTO AZEEM PURA","10000",""
"1053","2026-05-08","116","ASIF SUPPLIER ZIP 1","18500",""
"1054","2026-05-08","138","ASIM BROTHERS MARKET","5000",""
"1051","2026-05-08","167","QADRI AUTO SHAH FAISAL","5000",""
"1052","2026-05-08","79","REHMAN AUTO AJMEER NAGRI","5000",""
"1046","2026-05-08","271","SALEEM AUTO PEOPELS CHOWRANGI","1000",""
"1038","2026-05-08","215","M/S AUTO GULLSHAN 13D","7000",""
"1039","2026-05-08","189","UBAID AUTO GULLSHAN 13D","5000",""
"1037","2026-05-08","192","SUBHAN AUTO GULSHAN 13D","5000",""
"1033","2026-05-08","68","ARIF AUTOS LANDHI","20000",""
"1035","2026-05-08","174","FAROOQ AUTO SHAH FAISAL","5000",""
"1040","2026-05-08","213","YOUSUF AUTO GULLSHAN 13D","1000",""
"1044","2026-05-08","123","LUCKY AUTO WATER PUMP","2000",""
"1045","2026-05-08","246","NASIR AUTO PEOPELS CHORANGI","1000",""
"1043","2026-05-08","182","SHAMA AUTO ELECTRIC W/P","1000",""
"1041","2026-05-08","217","BISMILLAH AUTO WATER PUMP","1000",""
"1042","2026-05-08","178","B.S ALIYAN AUTO WATER PUMP","2000",""
"1065","2026-05-09","253","IZZAT AGA AUTO RABIA CITY","5000",""
"1064","2026-05-09","228","KHALIL AUTO RABIA CITY","5000",""
"1062","2026-05-09","27","B.S BAKHTAWAR GOTH","8000",""
"1063","2026-05-09","149","SHEIKH AUTO PEHALWAN GOTH","10000",""
"1081","2026-05-11","246","NASIR AUTO PEOPELS CHORANGI","4000",""
"1082","2026-05-11","191","SHAFI AUTO GULSHAN IQBAL","7000",""
"1080","2026-05-11","270","SARWAR AUTO PEOPELS CHOWRANGI","1500",""
"1078","2026-05-11","182","SHAMA AUTO ELECTRIC W/P","2000",""
"1079","2026-05-11","210","SHAH JI AUTO PEOPELS CHOWK","1000",""
"1086","2026-05-11","271","SALEEM AUTO PEOPELS CHOWRANGI","2000",""
"1087","2026-05-11","104","HAMZA AUTO MOSMIYAT","43000",""
"1085","2026-05-11","142","MADINA AUTO AZIZABAD","5000",""
"1083","2026-05-11","176","ANSARI AUTO DASTAGIR","1000",""
"1084","2026-05-11","175","JAPAN AUTO WATER PUMP","1000",""
"1077","2026-05-11","217","BISMILLAH AUTO WATER PUMP","1000",""
"1069","2026-05-11","281","SUBHAN ALLAH AUTO SACHAL","5000",""
"1070","2026-05-11","158","PAKISTAN AUTO QUAIDABAD","10000",""
"1068","2026-05-11","269","M/S AUTO SACHAL","3000",""
"1066","2026-05-11","107","NIZAM AUTO MAYMAR","5000",""
"1067","2026-05-11","282","SALEEM AUTO MAYMAR","5000",""
"1071","2026-05-11","92","OSAMA ISLAM CHOWK","5000",""
"1075","2026-05-11","192","SUBHAN AUTO GULSHAN 13D","2000",""
"1076","2026-05-11","213","YOUSUF AUTO GULLSHAN 13D","1000",""
"1074","2026-05-11","190","ASIF AUTO SABZI MANDI","5000",""
"1072","2026-05-11","266","MADNI AUTO PEHALWAN GOTH","7000",""
"1073","2026-05-11","267","HAFIZ AUTO PEHALWAN GOTH","5000",""
"1100","2026-05-12","69","WAQAS AUTOS ISLAM CHOWK","10000",""
"1101","2026-05-12","36","HADIA K1 NORTH NAZIMABAD","10000",""
"1098","2026-05-12","71","HAMZA KHAN AUTOS ORANGI TOWN","10000",""
"1099","2026-05-12","20","ALI AUTOS ISLAM CHOWK","10000",""
"1102","2026-05-12","240","AKBER AUTO LIYARI 36","11000",""
"1105","2026-05-12","293","SIDDIQUE AUTO LANDHI","7900","jenretor reparing exp"
"1106","2026-05-12","102","SALEEM MAMU","44000",""
"1103","2026-05-12","154","HAFEEZ AUTO KHAN BELA","50000",""
"1104","2026-05-12","157","ASGHER AUTO UP","50000",""
"1091","2026-05-12","273","RIZWAN AUTO MALIR","5000",""
"1092","2026-05-12","233","SHAMIM AUTO KALA BOARD","4000",""
"1090","2026-05-12","279","HABIB AUTO MAYMAR","5000",""
"1088","2026-05-12","220","SHAFI AUTO MEMON GOTH","10000",""
"1089","2026-05-12","219","I.S AUTO PEHALWAN GOTH","10000",""
"1096","2026-05-12","101","A.R AUTOS BAGH-E-KORANGI","10000",""
"1097","2026-05-12","139","IQBAL AUTO BALDIA","8000",""
"1095","2026-05-12","68","ARIF AUTOS LANDHI","10000",""
"1093","2026-05-12","260","ASAD AUTO MALIR","2000",""
"1094","2026-05-12","256","PARTS WALA AUTO LANDHI 6","8000",""
"1118","2026-05-13","271","SALEEM AUTO PEOPELS CHOWRANGI","1000",""
"1117","2026-05-13","270","SARWAR AUTO PEOPELS CHOWRANGI","1500",""
"1116","2026-05-13","178","B.S ALIYAN AUTO WATER PUMP","3000",""
"1119","2026-05-13","213","YOUSUF AUTO GULLSHAN 13D","2000",""
"1122","2026-05-13","176","ANSARI AUTO DASTAGIR","1000",""
"1121","2026-05-13","246","NASIR AUTO PEOPELS CHORANGI","1500",""
"1120","2026-05-13","192","SUBHAN AUTO GULSHAN 13D","3000",""
"1115","2026-05-13","217","BISMILLAH AUTO WATER PUMP","1000",""
"1109","2026-05-13","116","ASIF SUPPLIER ZIP 1","15000",""
"1110","2026-05-13","231","STAR AUTO MALIR","25000",""
"1107","2026-05-13","25","AZAN AUTO BADIN","100000",""
"1108","2026-05-13","169","TAYYAB AUTO MEHMODABAD","10000",""
"1113","2026-05-13","268","HANAN AUTO NAZIMABAD","3000",""
"1114","2026-05-13","254","WARSI AUTO NAZIMABAD","3000",""
"1111","2026-05-13","168","B.S AUTO QUAIDABAD","24800",""
"1112","2026-05-13","244","SAHIBZADA AUTO 89 MKT","4000",""
"1139","2026-05-14","77","MALIK AUTO LINES AREA","5000",""
"1140","2026-05-14","128","ZAIB AUTO WATER PUMP","30000",""
"1141","2026-05-14","98","ASLAM AUTOS MARIPUR","35000",""
"1136","2026-05-14","182","SHAMA AUTO ELECTRIC W/P","1000",""
"1137","2026-05-14","175","JAPAN AUTO WATER PUMP","1000",""
"1138","2026-05-14","57","RANA AUTOS LANDHI","15000",""
"1145","2026-05-14","265","ARIF AUTO RAHIM YAR KHAN","10000",""
"1146","2026-05-14","81","TAYYABA AUTO SURJANI","5000",""
"1147","2026-05-14","187","NASEER AUTO VINDER","27950",""
"1142","2026-05-14","67","JAMEEL AUTOS LEE MARKET","22000",""
"1143","2026-05-14","242","KING AUTO BEHAR COLONY","5000",""
"1144","2026-05-14","141","ALI AUTO MEHMODABAD","10000",""
"1126","2026-05-14","173","B.S AUTO FARZAN BAK KORANGI","3000",""
"1127","2026-05-14","181","MAKKA AUTO KORANGI 3 NUMBER","4000",""
"1128","2026-05-14","227","HASNAIN AUTO KORANGI 51 A","4000",""
"1123","2026-05-14","115","HONDA KARACHI PAKISTAN CHOWK","20000",""
"1124","2026-05-14","199","SUFI BILAL COLONY KORANGI","5000",""
"1125","2026-05-14","144","TAJ AUTO MEHRAN TOWN 2","5000",""
"1129","2026-05-14","137","KHAN SHAHRUKH AUTO KORANGI","5000",""
"1133","2026-05-14","180","ARSALAN AUTO 13D GULLSHAN","5000",""
"1134","2026-05-14","217","BISMILLAH AUTO WATER PUMP","1000",""
"1135","2026-05-14","178","B.S ALIYAN AUTO WATER PUMP","1000",""
"1130","2026-05-14","215","M/S AUTO GULLSHAN 13D","5000",""
"1131","2026-05-14","192","SUBHAN AUTO GULSHAN 13D","3000",""
"1132","2026-05-14","213","YOUSUF AUTO GULLSHAN 13D","1000",""
"1154","2026-05-15","167","QADRI AUTO SHAH FAISAL","5000",""
"1153","2026-05-15","148","IRFAN AUTO SHAH FAISAL","10000",""
"1156","2026-05-15","56","RAHIM BHAI CLASSIC MOTORCYCLE","50000",""
"1155","2026-05-15","138","ASIM BROTHERS MARKET","10000",""
"1149","2026-05-15","154","HAFEEZ AUTO KHAN BELA","24600",""
"1148","2026-05-15","51","NEW KAKAR AUTOS PIDC","10000",""
"1150","2026-05-15","238","IMRAN AUTO SHER PAO","4000",""
"1152","2026-05-15","276","REHAN AUTO SHAH FAISAL","10000",""
"1151","2026-05-15","170","ABDUL HADI AUTO DRIG ROAD","10000",""
"1936","2026-05-16","228","KHALIL AUTO RABIA CITY","5000",""
"1438","2026-05-17","178","B.S ALIYAN AUTO WATER PUMP","2000",""
"1437","2026-05-17","175","JAPAN AUTO WATER PUMP","1000",""
"1440","2026-05-17","246","NASIR AUTO PEOPELS CHORANGI","1000",""
"1439","2026-05-17","217","BISMILLAH AUTO WATER PUMP","1000",""
"1433","2026-05-17","192","SUBHAN AUTO GULSHAN 13D","2000",""
"1432","2026-05-17","190","ASIF AUTO SABZI MANDI","4000",""
"1434","2026-05-17","213","YOUSUF AUTO GULLSHAN 13D","1000",""
"1436","2026-05-17","271","SALEEM AUTO PEOPELS CHOWRANGI","2000",""
"1435","2026-05-17","210","SHAH JI AUTO PEOPELS CHOWK","2000",""
"1182","2026-05-18","189","UBAID AUTO GULLSHAN 13D","5000",""
"1183","2026-05-18","129","B.S AUTO AZIZABAD","15000",""
"1181","2026-05-18","213","YOUSUF AUTO GULLSHAN 13D","1000",""
"1179","2026-05-18","178","B.S ALIYAN AUTO WATER PUMP","1500",""
"1180","2026-05-18","176","ANSARI AUTO DASTAGIR","2000",""
"1184","2026-05-18","128","ZAIB AUTO WATER PUMP","20000",""
"1188","2026-05-18","101","A.R AUTOS BAGH-E-KORANGI","10000",""
"1189","2026-05-18","132","ADNAN AUTO FAST","40000",""
"1187","2026-05-18","57","RANA AUTOS LANDHI","28000",""
"1185","2026-05-18","26","AZAN AUTOS JIMMY LANDHI","18600",""
"1186","2026-05-18","68","ARIF AUTOS LANDHI","20000",""
"1159","2026-05-18","247","RIZWAN AUTO AZEEM PURA","13150",""
"1160","2026-05-18","149","SHEIKH AUTO PEHALWAN GOTH","10000",""
"1158","2026-05-18","245","IMRAN AUTO MALIR","6000",""
"1167","2026-05-18","297","AWAMI AUTO FAQEERA GOTH","29400",""
"1157","2026-05-18","59","RIDER AUTO PARTS","70000",""
"1161","2026-05-18","281","SUBHAN ALLAH AUTO SACHAL","5000",""
"1165","2026-05-18","164","STAR AUTO MAYMAR","7250",""
"1166","2026-05-18","229","IMRAN AUTO FAQEERA GOTH","30300",""
"1164","2026-05-18","282","SALEEM AUTO MAYMAR","5000",""
"1162","2026-05-18","287","HAFEEZ AUTO GHAZI GOTH","5000",""
"1163","2026-05-18","279","HABIB AUTO MAYMAR","7000",""
"1168","2026-05-18","269","M/S AUTO SACHAL","3000",""
"1172","2026-05-18","267","HAFIZ AUTO PEHALWAN GOTH","4000",""
"1171","2026-05-18","266","MADNI AUTO PEHALWAN GOTH","7000",""
"1169","2026-05-18","36","HADIA K1 NORTH NAZIMABAD","15000",""
"1170","2026-05-18","211","ZAFAR AUTO SABZI MANDI","7500",""
"1174","2026-05-18","246","NASIR AUTO PEOPELS CHORANGI","1500",""
"1177","2026-05-18","270","SARWAR AUTO PEOPELS CHOWRANGI","2000",""
"1178","2026-05-18","217","BISMILLAH AUTO WATER PUMP","1000",""
"1173","2026-05-18","259","IMRAN AUTO PEHALWAN GOTH","5500",""
"1176","2026-05-18","271","SALEEM AUTO PEOPELS CHOWRANGI","1000",""
"1175","2026-05-18","210","SHAH JI AUTO PEOPELS CHOWK","2000",""
"1205","2026-05-19","256","PARTS WALA AUTO LANDHI 6","8000",""
"1206","2026-05-19","102","SALEEM MAMU","5000",""
"1198","2026-05-19","220","SHAFI AUTO MEMON GOTH","10000",""
"1204","2026-05-19","251","KARACHI AUTO QUAIDABAD","10000",""
"1193","2026-05-19","20","ALI AUTOS ISLAM CHOWK","10000",""
"1194","2026-05-19","71","HAMZA KHAN AUTOS ORANGI TOWN","10000",""
"1195","2026-05-19","69","WAQAS AUTOS ISLAM CHOWK","40000",""
"1190","2026-05-19","139","IQBAL AUTO BALDIA","5000",""
"1191","2026-05-19","130","ALVI AUTO BALDIA 4 NUMBER","3000",""
"1192","2026-05-19","112","RAJPUT AUTO SABRI CHOWK ORANGI","10000",""
"1196","2026-05-19","89","WAQAS TYRE TUBE ISLAM CHOWK","20000",""
"1201","2026-05-19","233","SHAMIM AUTO KALA BOARD","3000",""
"1202","2026-05-19","260","ASAD AUTO MALIR","2000",""
"1203","2026-05-19","158","PAKISTAN AUTO QUAIDABAD","10000",""
"1197","2026-05-19","116","ASIF SUPPLIER ZIP 1","11500",""
"1199","2026-05-19","286","QUETTA AUTO BAKRA PIRI MALIR","4000",""
"1200","2026-05-19","273","RIZWAN AUTO MALIR","5000",""
"1212","2026-05-20","79","REHMAN AUTO AJMEER NAGRI","1000",""
"1211","2026-05-20","253","IZZAT AGA AUTO RABIA CITY","5000",""
"1214","2026-05-20","116","ASIF SUPPLIER ZIP 1","13000",""
"1213","2026-05-20","184","NEW-RIYAZ AUTO LIYARI 36","4000",""
"1208","2026-05-20","236","QUETTA AUTO SHAHLATIF","40000",""
"1207","2026-05-20","73","HUSSAIN AUTO SHAH FAISAL","200000",""
"1210","2026-05-20","220","SHAFI AUTO MEMON GOTH","15000",""
"1209","2026-05-20","237","J&B AUTO SHAH LATIF","10000",""
"1232","2026-05-21","141","ALI AUTO MEHMODABAD","15000",""
"1231","2026-05-21","294","KAZIM AUTO BAG E KORANGI W/RIM","11900",""
"1217","2026-05-21","144","TAJ AUTO MEHRAN TOWN 2","5000",""
"1215","2026-05-21","185","R.R AUTO SURJANI","10000",""
"1216","2026-05-21","91","ADNAN SURJANI 7B","8000",""
"1221","2026-05-21","137","KHAN SHAHRUKH AUTO KORANGI","10000",""
"1222","2026-05-21","191","SHAFI AUTO GULSHAN IQBAL","7000",""
"1223","2026-05-21","207","B.S KORANGI 4 POOL","3000",""
"1218","2026-05-21","114","TAJ AUTO MEHRAN TOWN 1","4500",""
"1219","2026-05-21","173","B.S AUTO FARZAN BAK KORANGI","5000",""
"1220","2026-05-21","181","MAKKA AUTO KORANGI 3 NUMBER","4000",""
"1224","2026-05-21","246","NASIR AUTO PEOPELS CHORANGI","2000",""
"1228","2026-05-21","270","SARWAR AUTO PEOPELS CHOWRANGI","1500",""
"1229","2026-05-21","213","YOUSUF AUTO GULLSHAN 13D","2000",""
"1230","2026-05-21","254","WARSI AUTO NAZIMABAD","3000",""
"1225","2026-05-21","217","BISMILLAH AUTO WATER PUMP","1000",""
"1226","2026-05-21","175","JAPAN AUTO WATER PUMP","1000",""
"1227","2026-05-21","178","B.S ALIYAN AUTO WATER PUMP","1000",""
"1254","2026-05-22","68","ARIF AUTOS LANDHI","20000",""
"1253","2026-05-22","60","RIZWAN SUPPLIER KORANGI","25000",""
"1252","2026-05-22","101","A.R AUTOS BAGH-E-KORANGI","5000",""
"1255","2026-05-22","57","RANA AUTOS LANDHI","30000",""
"1258","2026-05-22","160","HAJI IQBAL QURESHI U.P","15000",""
"1257","2026-05-22","109","BABU AUTO SINDHI HOTEL","10000",""
"1256","2026-05-22","128","ZAIB AUTO WATER PUMP","30000",""
"1251","2026-05-22","196","MAMA A-1 13D WHEEL RIM","16000",""
"1237","2026-05-22","248","FAISAL AUTO AZEEM PURA","2400",""
"1238","2026-05-22","170","ABDUL HADI AUTO DRIG ROAD","5000",""
"1235","2026-05-22","115","HONDA KARACHI PAKISTAN CHOWK","20000",""
"1236","2026-05-22","231","STAR AUTO MALIR","20000",""
"1239","2026-05-22","276","REHAN AUTO SHAH FAISAL","5000",""
"1242","2026-05-22","215","M/S AUTO GULLSHAN 13D","8000",""
"1243","2026-05-22","180","ARSALAN AUTO 13D GULLSHAN","5000",""
"1240","2026-05-22","148","IRFAN AUTO SHAH FAISAL","10000",""
"1241","2026-05-22","167","QADRI AUTO SHAH FAISAL","5000",""
"1248","2026-05-22","213","YOUSUF AUTO GULLSHAN 13D","1000",""
"1247","2026-05-22","217","BISMILLAH AUTO WATER PUMP","1000",""
"1250","2026-05-22","82","JUNAID AUTO AGRA TAJ","15000",""
"1249","2026-05-22","77","MALIK AUTO LINES AREA","5000",""
"1246","2026-05-22","178","B.S ALIYAN AUTO WATER PUMP","1000",""
"1233","2026-05-22","51","NEW KAKAR AUTOS PIDC","10000",""
"1234","2026-05-22","265","ARIF AUTO RAHIM YAR KHAN","20000",""
"1245","2026-05-22","271","SALEEM AUTO PEOPELS CHOWRANGI","1500",""
"1244","2026-05-22","246","NASIR AUTO PEOPELS CHORANGI","1000",""
"1286","2026-05-25","176","ANSARI AUTO DASTAGIR","2000",""
"1287","2026-05-25","175","JAPAN AUTO WATER PUMP","2250",""
"1288","2026-05-25","213","YOUSUF AUTO GULLSHAN 13D","2000",""
"1283","2026-05-25","285","K.K AUTO RABIA CITY","8000",""
"1284","2026-05-25","182","SHAMA AUTO ELECTRIC W/P","1000",""
"1285","2026-05-25","178","B.S ALIYAN AUTO WATER PUMP","1000",""
"1289","2026-05-25","246","NASIR AUTO PEOPELS CHORANGI","1000",""
"1293","2026-05-25","192","SUBHAN AUTO GULSHAN 13D","3000",""
"1294","2026-05-25","268","HANAN AUTO NAZIMABAD","920",""
"1295","2026-05-25","132","ADNAN AUTO FAST","40000",""
"1290","2026-05-25","210","SHAH JI AUTO PEOPELS CHOWK","2000",""
"1291","2026-05-25","271","SALEEM AUTO PEOPELS CHOWRANGI","1000",""
"1292","2026-05-25","190","ASIF AUTO SABZI MANDI","4000",""
"1261","2026-05-25","281","SUBHAN ALLAH AUTO SACHAL","5000",""
"1262","2026-05-25","149","SHEIKH AUTO PEHALWAN GOTH","10000",""
"1263","2026-05-25","27","B.S BAKHTAWAR GOTH","4000",""
"1270","2026-05-25","107","NIZAM AUTO MAYMAR","10000",""
"1259","2026-05-25","238","IMRAN AUTO SHER PAO","4000",""
"1260","2026-05-25","245","IMRAN AUTO MALIR","5300",""
"1267","2026-05-25","279","HABIB AUTO MAYMAR","7000",""
"1268","2026-05-25","282","SALEEM AUTO MAYMAR","5000",""
"1269","2026-05-25","164","STAR AUTO MAYMAR","10000",""
"1264","2026-05-25","228","KHALIL AUTO RABIA CITY","5000",""
"1265","2026-05-25","253","IZZAT AGA AUTO RABIA CITY","4600",""
"1266","2026-05-25","287","HAFEEZ AUTO GHAZI GOTH","5000",""
"1279","2026-05-25","36","HADIA K1 NORTH NAZIMABAD","10000",""
"1278","2026-05-25","252","OKASHA MEHAR","64800",""
"1277","2026-05-25","104","HAMZA AUTO MOSMIYAT","47000",""
"1282","2026-05-25","267","HAFIZ AUTO PEHALWAN GOTH","3000",""
"1281","2026-05-25","266","MADNI AUTO PEHALWAN GOTH","3500",""
"1280","2026-05-25","92","OSAMA ISLAM CHOWK","6000",""
"1273","2026-05-25","25","AZAN AUTO BADIN","50000",""
"1272","2026-05-25","150","M UMER BADIN","100000",""
"1271","2026-05-25","158","PAKISTAN AUTO QUAIDABAD","9000",""
"1276","2026-05-25","133","YOUSUF AUTO SATO MAIL","20000",""
"1275","2026-05-25","264","NOOR AUTO JHUDDO","46970",""
"1274","2026-05-25","171","MAMA JAMALI AUTO BADIN","50000",""
"1311","2026-05-26","237","J&B AUTO SHAH LATIF","15000",""
"1312","2026-05-26","239","AL-HAJ AUTO MANSERA COLONY","10000",""
"1314","2026-05-26","206","AKBER SUZUKI","38600",""
"1313","2026-05-26","238","IMRAN AUTO SHER PAO","4000",""
"1300","2026-05-26","101","A.R AUTOS BAGH-E-KORANGI","10000",""
"1301","2026-05-26","128","ZAIB AUTO WATER PUMP","20000",""
"1302","2026-05-26","233","SHAMIM AUTO KALA BOARD","3225",""
"1299","2026-05-26","71","HAMZA KHAN AUTOS ORANGI TOWN","20000",""
"1296","2026-05-26","129","B.S AUTO AZIZABAD","10000",""
"1297","2026-05-26","89","WAQAS TYRE TUBE ISLAM CHOWK","10000",""
"1298","2026-05-26","20","ALI AUTOS ISLAM CHOWK","6000",""
"1307","2026-05-26","292","AL-REHMAN AUTO MALIR","4000",""
"1308","2026-05-26","273","RIZWAN AUTO MALIR","5000",""
"1310","2026-05-26","251","KARACHI AUTO QUAIDABAD","15000",""
"1306","2026-05-26","298","IQBAL AUTO QAIDABAD","7000",""
"1303","2026-05-26","286","QUETTA AUTO BAKRA PIRI MALIR","5000",""
"1304","2026-05-26","220","SHAFI AUTO MEMON GOTH","15000",""
"1305","2026-05-26","219","I.S AUTO PEHALWAN GOTH","6500",""
"1329","2026-06-01","68","ARIF AUTOS LANDHI","10000",""
"1330","2026-06-01","101","A.R AUTOS BAGH-E-KORANGI","10000",""
"1331","2026-06-01","153","JUNAID AUTO SHAHFAISAL","20000",""
"1328","2026-06-01","57","RANA AUTOS LANDHI","15000",""
"1322","2026-06-01","192","SUBHAN AUTO GULSHAN 13D","3000",""
"1321","2026-06-01","142","MADINA AUTO AZIZABAD","5000",""
"1323","2026-06-01","178","B.S ALIYAN AUTO WATER PUMP","2000",""
"1315","2026-06-01","157","ASGHER AUTO UP","80000",""
"1324","2026-06-01","270","SARWAR AUTO PEOPELS CHOWRANGI","2000",""
"1317","2026-06-01","285","K.K AUTO RABIA CITY","10000",""
"1316","2026-06-01","221","WAJAHAT SUPPLIER MARKET","46000",""
"1318","2026-06-01","259","IMRAN AUTO PEHALWAN GOTH","4000",""
"1320","2026-06-01","266","MADNI AUTO PEHALWAN GOTH","5000",""
"1319","2026-06-01","267","HAFIZ AUTO PEHALWAN GOTH","4060",""
"1325","2026-06-01","246","NASIR AUTO PEOPELS CHORANGI","2000",""
"1327","2026-06-01","69","WAQAS AUTOS ISLAM CHOWK","14600",""
"1326","2026-06-01","271","SALEEM AUTO PEOPELS CHOWRANGI","2000",""
"1332","2026-06-02","139","IQBAL AUTO BALDIA","4500",""
"1339","2026-06-02","132","ADNAN AUTO FAST","40000",""
"1333","2026-06-02","112","RAJPUT AUTO SABRI CHOWK ORANGI","10000",""
"1337","2026-06-02","71","HAMZA KHAN AUTOS ORANGI TOWN","20000",""
"1338","2026-06-02","116","ASIF SUPPLIER ZIP 1","10000",""
"1336","2026-06-02","20","ALI AUTOS ISLAM CHOWK","20000",""
"1334","2026-06-02","162","M.S MURAD ORANGI","2000",""
"1335","2026-06-02","89","WAQAS TYRE TUBE ISLAM CHOWK","10200",""
"1343","2026-06-03","246","NASIR AUTO PEOPELS CHORANGI","2000",""
"1344","2026-06-03","217","BISMILLAH AUTO WATER PUMP","1000",""
"1342","2026-06-03","213","YOUSUF AUTO GULLSHAN 13D","2000",""
"1340","2026-06-03","254","WARSI AUTO NAZIMABAD","4000",""
"1341","2026-06-03","178","B.S ALIYAN AUTO WATER PUMP","3000",""
"1348","2026-06-03","159","WAQAS AUTO BUFFER ZONE","3000",""
"1349","2026-06-03","182","SHAMA AUTO ELECTRIC W/P","2000",""
"1347","2026-06-03","176","ANSARI AUTO DASTAGIR","2000",""
"1345","2026-06-03","271","SALEEM AUTO PEOPELS CHOWRANGI","2930",""
"1346","2026-06-03","192","SUBHAN AUTO GULSHAN 13D","3000",""
"1366","2026-06-04","82","JUNAID AUTO AGRA TAJ","19000",""
"1365","2026-06-04","129","B.S AUTO AZIZABAD","10000",""
"1367","2026-06-04","67","JAMEEL AUTOS LEE MARKET","22520",""
"1369","2026-06-04","242","KING AUTO BEHAR COLONY","5000",""
"1368","2026-06-04","77","MALIK AUTO LINES AREA","15000",""
"1356","2026-06-04","191","SHAFI AUTO GULSHAN IQBAL","5000",""
"1355","2026-06-04","137","KHAN SHAHRUKH AUTO KORANGI","10000",""
"1357","2026-06-04","270","SARWAR AUTO PEOPELS CHOWRANGI","2500",""
"1359","2026-06-04","210","SHAH JI AUTO PEOPELS CHOWK","1000",""
"1358","2026-06-04","246","NASIR AUTO PEOPELS CHORANGI","1000",""
"1351","2026-06-04","144","TAJ AUTO MEHRAN TOWN 2","400",""
"1350","2026-06-04","199","SUFI BILAL COLONY KORANGI","5000",""
"1352","2026-06-04","114","TAJ AUTO MEHRAN TOWN 1","4200",""
"1354","2026-06-04","181","MAKKA AUTO KORANGI 3 NUMBER","3100",""
"1353","2026-06-04","173","B.S AUTO FARZAN BAK KORANGI","5000",""
"1362","2026-06-04","227","HASNAIN AUTO KORANGI 51 A","5000",""
"1360","2026-06-04","217","BISMILLAH AUTO WATER PUMP","1000",""
"1363","2026-06-04","104","HAMZA AUTO MOSMIYAT","45000",""
"1361","2026-06-04","178","B.S ALIYAN AUTO WATER PUMP","1000",""
"1364","2026-06-04","141","ALI AUTO MEHMODABAD","10000",""
"1371","2026-06-05","189","UBAID AUTO GULLSHAN 13D","5000",""
"1372","2026-06-05","217","BISMILLAH AUTO WATER PUMP","1000",""
"1375","2026-06-05","178","B.S ALIYAN AUTO WATER PUMP","1600",""
"1370","2026-06-05","216","M/S AUTO 13D W/RIM","10000",""
"1378","2026-06-05","303","UNIQUE AUTO LANDHI W/RIM","20000",""
"1379","2026-06-05","109","BABU AUTO SINDHI HOTEL","10000",""
"1376","2026-06-05","182","SHAMA AUTO ELECTRIC W/P","1000",""
"1377","2026-06-05","57","RANA AUTOS LANDHI","23000",""
"1374","2026-06-05","246","NASIR AUTO PEOPELS CHORANGI","1000",""
"1373","2026-06-05","213","YOUSUF AUTO GULLSHAN 13D","1000",""
"1380","2026-06-05","265","ARIF AUTO RAHIM YAR KHAN","22320",""
"1381","2026-06-06","51","NEW KAKAR AUTOS PIDC","10000",""
"1406","2026-06-08","164","STAR AUTO MAYMAR","7000",""
"1407","2026-06-08","107","NIZAM AUTO MAYMAR","5100",""
"1405","2026-06-08","279","HABIB AUTO MAYMAR","10000",""
"1403","2026-06-08","287","HAFEEZ AUTO GHAZI GOTH","5000",""
"1404","2026-06-08","280","MINHAJ AUTO MAYMAR","15200",""
"1408","2026-06-08","281","SUBHAN ALLAH AUTO SACHAL","4000",""
"1412","2026-06-08","253","IZZAT AGA AUTO RABIA CITY","5000",""
"1413","2026-06-08","220","SHAFI AUTO MEMON GOTH","22530",""
"1411","2026-06-08","291","FAISAL AUTO PEHAWAN GOTH","4000",""
"1409","2026-06-08","149","SHEIKH AUTO PEHALWAN GOTH","10000",""
"1410","2026-06-08","289","GHAZI AUTO PEHALWAN GOTH","5000",""
"1384","2026-06-08","210","SHAH JI AUTO PEOPELS CHOWK","2000",""
"1385","2026-06-08","217","BISMILLAH AUTO WATER PUMP","1000",""
"1383","2026-06-08","270","SARWAR AUTO PEOPELS CHOWRANGI","3500",""
"1382","2026-06-08","246","NASIR AUTO PEOPELS CHORANGI","4000",""
"1391","2026-06-08","159","WAQAS AUTO BUFFER ZONE","3000",""
"1389","2026-06-08","266","MADNI AUTO PEHALWAN GOTH","5000",""
"1390","2026-06-08","267","HAFIZ AUTO PEHALWAN GOTH","5000",""
"1388","2026-06-08","176","ANSARI AUTO DASTAGIR","2000",""
"1386","2026-06-08","178","B.S ALIYAN AUTO WATER PUMP","2000",""
"1387","2026-06-08","182","SHAMA AUTO ELECTRIC W/P","2000",""
"1392","2026-06-08","213","YOUSUF AUTO GULLSHAN 13D","3000",""
"1397","2026-06-08","79","REHMAN AUTO AJMEER NAGRI","7000",""
"1398","2026-06-08","36","HADIA K1 NORTH NAZIMABAD","15000",""
"1395","2026-06-08","222","M.A AUTO UP","50000",""
"1396","2026-06-08","111","HAMZA AUTO SURJANI","3000",""
"1401","2026-06-08","101","A.R AUTOS BAGH-E-KORANGI","17000",""
"1402","2026-06-08","52","NOOR AUTOS QUAIDABAD","12000",""
"1399","2026-06-08","68","ARIF AUTOS LANDHI","15000",""
"1400","2026-06-08","57","RANA AUTOS LANDHI","25000",""
"1394","2026-06-08","25","AZAN AUTO BADIN","120000",""
"1393","2026-06-08","265","ARIF AUTO RAHIM YAR KHAN","15000",""
"1446","2026-06-09","89","WAQAS TYRE TUBE ISLAM CHOWK","10000",""
"1447","2026-06-09","115","HONDA KARACHI PAKISTAN CHOWK","20000",""
"1445","2026-06-09","69","WAQAS AUTOS ISLAM CHOWK","30000",""
"1442","2026-06-09","112","RAJPUT AUTO SABRI CHOWK ORANGI","15000",""
"1441","2026-06-09","130","ALVI AUTO BALDIA 4 NUMBER","15000",""
"1444","2026-06-09","71","HAMZA KHAN AUTOS ORANGI TOWN","20000",""
"1443","2026-06-09","20","ALI AUTOS ISLAM CHOWK","20000",""
"1431","2026-06-09","254","WARSI AUTO NAZIMABAD","4000",""
"1419","2026-06-09","273","RIZWAN AUTO MALIR","5000",""
"1418","2026-06-09","231","STAR AUTO MALIR","20000",""
"1421","2026-06-09","232","UNIQUE TRADERS KALA BOARD","12900",""
"1420","2026-06-09","233","SHAMIM AUTO KALA BOARD","5000",""
"1415","2026-06-09","298","IQBAL AUTO QAIDABAD","6000",""
"1414","2026-06-09","158","PAKISTAN AUTO QUAIDABAD","8000",""
"1417","2026-06-09","308","SHAN AUTO MALIR","2000",""
"1416","2026-06-09","286","QUETTA AUTO BAKRA PIRI MALIR","9950",""
"1422","2026-06-09","292","AL-REHMAN AUTO MALIR","3000",""
"1428","2026-06-09","213","YOUSUF AUTO GULLSHAN 13D","1000",""
"1427","2026-06-09","132","ADNAN AUTO FAST","40000",""
"1430","2026-06-09","246","NASIR AUTO PEOPELS CHORANGI","1000",""
"1429","2026-06-09","178","B.S ALIYAN AUTO WATER PUMP","1000",""
"1424","2026-06-09","285","K.K AUTO RABIA CITY","10000",""
"1423","2026-06-09","274","A.M AUTO MALIR","5250",""
"1426","2026-06-09","192","SUBHAN AUTO GULSHAN 13D","5000",""
"1425","2026-06-09","142","MADINA AUTO AZIZABAD","5000",""
"1451","2026-06-10","260","ASAD AUTO MALIR","2000",""
"1452","2026-06-10","237","J&B AUTO SHAH LATIF","15000",""
"1448","2026-06-10","256","PARTS WALA AUTO LANDHI 6","5000",""
"1449","2026-06-10","282","SALEEM AUTO MAYMAR","500",""
"1450","2026-06-10","300","RAZA AUTO MALIR","11000",""
"1470","2026-06-11","161","SHAYAN AUTO U.P","5000",""
"1471","2026-06-11","246","NASIR AUTO PEOPELS CHORANGI","1000",""
"1472","2026-06-11","210","SHAH JI AUTO PEOPELS CHOWK","1000",""
"1467","2026-06-11","215","M/S AUTO GULLSHAN 13D","5000",""
"1468","2026-06-11","213","YOUSUF AUTO GULLSHAN 13D","2000",""
"1469","2026-06-11","207","B.S KORANGI 4 POOL","3000",""
"1473","2026-06-11","270","SARWAR AUTO PEOPELS CHOWRANGI","1000",""
"1477","2026-06-11","296","ARIF AUTO TALHAR","100000",""
"1478","2026-06-11","42","KHATAOMAL PANGRIO","175600",""
"1479","2026-06-11","73","HUSSAIN AUTO SHAH FAISAL","300000",""
"1474","2026-06-11","182","SHAMA AUTO ELECTRIC W/P","1000",""
"1475","2026-06-11","217","BISMILLAH AUTO WATER PUMP","1000",""
"1476","2026-06-11","209","R-K AUTO MARKET","10000",""
"1457","2026-06-11","67","JAMEEL AUTOS LEE MARKET","20000",""
"1458","2026-06-11","77","MALIK AUTO LINES AREA","10000",""
"1459","2026-06-11","295","SIDDIQUE AUTO BILAL COLONY","5000",""
"1456","2026-06-11","242","KING AUTO BEHAR COLONY","5000",""
"1453","2026-06-11","104","HAMZA AUTO MOSMIYAT","43000",""
"1454","2026-06-11","98","ASLAM AUTOS MARIPUR","30000",""
"1455","2026-06-11","82","JUNAID AUTO AGRA TAJ","15000",""
"1464","2026-06-11","181","MAKKA AUTO KORANGI 3 NUMBER","5000",""
"1465","2026-06-11","227","HASNAIN AUTO KORANGI 51 A","5000",""
"1466","2026-06-11","137","KHAN SHAHRUKH AUTO KORANGI","5000",""
"1463","2026-06-11","173","B.S AUTO FARZAN BAK KORANGI","5000",""
"1460","2026-06-11","199","SUFI BILAL COLONY KORANGI","5000",""
"1461","2026-06-11","114","TAJ AUTO MEHRAN TOWN 1","5000",""
"1462","2026-06-11","144","TAJ AUTO MEHRAN TOWN 2","4000",""
"1485","2026-06-12","167","QADRI AUTO SHAH FAISAL","5000",""
"1486","2026-06-12","148","IRFAN AUTO SHAH FAISAL","10000",""
"1487","2026-06-12","138","ASIM BROTHERS MARKET","7400",""
"1484","2026-06-12","170","ABDUL HADI AUTO DRIG ROAD","5000",""
"1481","2026-06-12","57","RANA AUTOS LANDHI","20000",""
"1480","2026-06-12","68","ARIF AUTOS LANDHI","10000",""
"1483","2026-06-12","197","ALI MEHMODABAD WHEEL RIM","39200",""
"1482","2026-06-12","303","UNIQUE AUTO LANDHI W/RIM","20000",""
"1509","2026-06-13","217","BISMILLAH AUTO WATER PUMP","1000",""
"1506","2026-06-13","210","SHAH JI AUTO PEOPELS CHOWK","1000",""
"1510","2026-06-13","270","SARWAR AUTO PEOPELS CHOWRANGI","1000",""
"1508","2026-06-13","213","YOUSUF AUTO GULLSHAN 13D","2000",""
"1504","2026-06-13","142","MADINA AUTO AZIZABAD","5000",""
"1505","2026-06-13","246","NASIR AUTO PEOPELS CHORANGI","3000",""
"1507","2026-06-13","178","B.S ALIYAN AUTO WATER PUMP","4000",""
"1511","2026-06-13","176","ANSARI AUTO DASTAGIR","2000",""
"1526","2026-06-13","111","HAMZA AUTO SURJANI","3000",""
"1525","2026-06-13","185","R.R AUTO SURJANI","10000",""
"1524","2026-06-13","79","REHMAN AUTO AJMEER NAGRI","5000",""
"1527","2026-06-13","36","HADIA K1 NORTH NAZIMABAD","10000",""
"1512","2026-06-13","182","SHAMA AUTO ELECTRIC W/P","1000",""
"1513","2026-06-13","192","SUBHAN AUTO GULSHAN 13D","2000",""
"1528","2026-06-13","68","ARIF AUTOS LANDHI","10000",""
"1492","2026-06-13","228","KHALIL AUTO RABIA CITY","5000",""
"1493","2026-06-13","253","IZZAT AGA AUTO RABIA CITY","5000",""
"1494","2026-06-13","251","KARACHI AUTO QUAIDABAD","10000",""
"1491","2026-06-13","149","SHEIKH AUTO PEHALWAN GOTH","10000",""
"1488","2026-06-13","278","SHOAIB AUTO SACHAL","20000",""
"1489","2026-06-13","281","SUBHAN ALLAH AUTO SACHAL","4000",""
"1490","2026-06-13","269","M/S AUTO SACHAL","3000",""
"1503","2026-06-13","211","ZAFAR AUTO SABZI MANDI","5000",""
"1529","2026-06-13","57","RANA AUTOS LANDHI","20000",""
"1502","2026-06-13","190","ASIF AUTO SABZI MANDI","3000",""
"1531","2026-06-13","153","JUNAID AUTO SHAHFAISAL","17400",""
"1530","2026-06-13","101","A.R AUTOS BAGH-E-KORANGI","13500",""
"1523","2026-06-15","213","YOUSUF AUTO GULLSHAN 13D","1000",""
"1522","2026-06-15","176","ANSARI AUTO DASTAGIR","1000",""
"1533","2026-06-15","157","ASGHER AUTO UP","44450",""
"1532","2026-06-15","265","ARIF AUTO RAHIM YAR KHAN","10000",""
"1534","2026-06-15","116","ASIF SUPPLIER ZIP 1","10000",""
"1521","2026-06-15","178","B.S ALIYAN AUTO WATER PUMP","2000",""
"1499","2026-06-15","229","IMRAN AUTO FAQEERA GOTH","20000",""
"1500","2026-06-15","238","IMRAN AUTO SHER PAO","5000",""
"1501","2026-06-15","298","IQBAL AUTO QAIDABAD","4000",""
"1498","2026-06-15","164","STAR AUTO MAYMAR","9000",""
"1495","2026-06-15","280","MINHAJ AUTO MAYMAR","15000",""
"1496","2026-06-15","279","HABIB AUTO MAYMAR","8000",""
"1497","2026-06-15","282","SALEEM AUTO MAYMAR","5000",""
"1518","2026-06-15","246","NASIR AUTO PEOPELS CHORANGI","1000",""
"1519","2026-06-15","270","SARWAR AUTO PEOPELS CHOWRANGI","1500",""
"1520","2026-06-15","217","BISMILLAH AUTO WATER PUMP","1000",""
"1517","2026-06-15","159","WAQAS AUTO BUFFER ZONE","3000",""
"1514","2026-06-15","285","K.K AUTO RABIA CITY","10000",""
"1515","2026-06-15","259","IMRAN AUTO PEHALWAN GOTH","5000",""
"1516","2026-06-15","267","HAFIZ AUTO PEHALWAN GOTH","2500",""
"1547","2026-06-16","233","SHAMIM AUTO KALA BOARD","3000",""
"1546","2026-06-16","273","RIZWAN AUTO MALIR","5000",""
"1544","2026-06-16","308","SHAN AUTO MALIR","2000",""
"1548","2026-06-16","158","PAKISTAN AUTO QUAIDABAD","8000",""
"1551","2026-06-16","132","ADNAN AUTO FAST","40000",""
"1550","2026-06-16","256","PARTS WALA AUTO LANDHI 6","8000",""
"1549","2026-06-16","245","IMRAN AUTO MALIR","5000",""
"1543","2026-06-16","260","ASAD AUTO MALIR","2000",""
"1537","2026-06-16","71","HAMZA KHAN AUTOS ORANGI TOWN","10000",""
"1538","2026-06-16","92","OSAMA ISLAM CHOWK","5000",""
"1535","2026-06-16","112","RAJPUT AUTO SABRI CHOWK ORANGI","10000",""
"1536","2026-06-16","194","HAMZA KHAN WHEEL RIM","20000",""
"1541","2026-06-16","263","AL-MADINA AUTO WATER PUMP","15000",""
"1542","2026-06-16","299","HASHTAG TRADERS LANDHI 6","9600",""
"1539","2026-06-16","89","WAQAS TYRE TUBE ISLAM CHOWK","10000",""
"1540","2026-06-16","32","DAWOOD SULTAN AUTOS ORANGI TOW","2900",""
"1562","2026-06-17","159","WAQAS AUTO BUFFER ZONE","2000",""
"1561","2026-06-17","176","ANSARI AUTO DASTAGIR","1000",""
"1560","2026-06-17","178","B.S ALIYAN AUTO WATER PUMP","2000",""
"1565","2026-06-17","244","SAHIBZADA AUTO 89 MKT","10000",""
"1564","2026-06-17","237","J&B AUTO SHAH LATIF","15000",""
"1563","2026-06-17","236","QUETTA AUTO SHAHLATIF","20000",""
"1559","2026-06-17","109","BABU AUTO SINDHI HOTEL","5000",""
"1554","2026-06-17","210","SHAH JI AUTO PEOPELS CHOWK","1000",""
"1553","2026-06-17","246","NASIR AUTO PEOPELS CHORANGI","1000",""
"1552","2026-06-17","96","GHAZI AUTOS GOLARCHI","50000",""
"1555","2026-06-17","217","BISMILLAH AUTO WATER PUMP","2000",""
"1558","2026-06-17","192","SUBHAN AUTO GULSHAN 13D","5500",""
"1557","2026-06-17","213","YOUSUF AUTO GULLSHAN 13D","2000",""
"1556","2026-06-17","182","SHAMA AUTO ELECTRIC W/P","2000",""
"1579","2026-06-18","215","M/S AUTO GULLSHAN 13D","8200",""
"1580","2026-06-18","181","MAKKA AUTO KORANGI 3 NUMBER","3000",""
"1577","2026-06-18","270","SARWAR AUTO PEOPELS CHOWRANGI","1500",""
"1578","2026-06-18","216","M/S AUTO 13D W/RIM","6800",""
"1581","2026-06-18","98","ASLAM AUTOS MARIPUR","20000",""
"1584","2026-06-18","77","MALIK AUTO LINES AREA","10000",""
"1585","2026-06-18","116","ASIF SUPPLIER ZIP 1","10000",""
"1582","2026-06-18","67","JAMEEL AUTOS LEE MARKET","20000",""
"1583","2026-06-18","223","ABID AUTO LUCKY STAR","5500",""
"1576","2026-06-18","246","NASIR AUTO PEOPELS CHORANGI","1000",""
"1569","2026-06-18","173","B.S AUTO FARZAN BAK KORANGI","4000",""
"1570","2026-06-18","207","B.S KORANGI 4 POOL","5000",""
"1568","2026-06-18","144","TAJ AUTO MEHRAN TOWN 2","400",""
"1566","2026-06-18","102","SALEEM MAMU","12280",""
"1567","2026-06-18","199","SUFI BILAL COLONY KORANGI","4000",""
"1574","2026-06-18","284","SAMI AUTO GULLSHAN 13D","5000",""
"1575","2026-06-18","213","YOUSUF AUTO GULLSHAN 13D","1000",""
"1573","2026-06-18","191","SHAFI AUTO GULSHAN IQBAL","7000",""
"1571","2026-06-18","227","HASNAIN AUTO KORANGI 51 A","4000",""
"1572","2026-06-18","137","KHAN SHAHRUKH AUTO KORANGI","5000",""
"1589","2026-06-19","167","QADRI AUTO SHAH FAISAL","5000",""
"1588","2026-06-19","148","IRFAN AUTO SHAH FAISAL","10000",""
"1586","2026-06-19","238","IMRAN AUTO SHER PAO","4000",""
"1587","2026-06-19","170","ABDUL HADI AUTO DRIG ROAD","10000",""
"1610","2026-06-20","270","SARWAR AUTO PEOPELS CHOWRANGI","1000",""
"1612","2026-06-20","182","SHAMA AUTO ELECTRIC W/P","1000",""
"1611","2026-06-20","217","BISMILLAH AUTO WATER PUMP","1000",""
"1609","2026-06-20","210","SHAH JI AUTO PEOPELS CHOWK","1000",""
"1606","2026-06-20","192","SUBHAN AUTO GULSHAN 13D","2000",""
"1607","2026-06-20","307","SUBHAN AUTO 13D W/RIM","1000",""
"1608","2026-06-20","246","NASIR AUTO PEOPELS CHORANGI","1000",""
"1617","2026-06-20","81","TAYYABA AUTO SURJANI","5000",""
"1618","2026-06-20","222","M.A AUTO UP","30000",""
"1619","2026-06-20","69","WAQAS AUTOS ISLAM CHOWK","20000",""
"1616","2026-06-20","311","INSAF AUTO LIYARI 36","50000",""
"1613","2026-06-20","178","B.S ALIYAN AUTO WATER PUMP","2000",""
"1614","2026-06-20","79","REHMAN AUTO AJMEER NAGRI","5000",""
"1615","2026-06-20","321","NASEER AUTO LIYARI 36","20000",""
"1605","2026-06-20","213","YOUSUF AUTO GULLSHAN 13D","1000",""
"1624","2026-06-20","228","KHALIL AUTO RABIA CITY","5000",""
"1623","2026-06-20","289","GHAZI AUTO PEHALWAN GOTH","5000",""
"1622","2026-06-20","75","YASIR AUTOS SACHAL GOTH","15000",""
"1590","2026-06-20","221","WAJAHAT SUPPLIER MARKET","46000",""
"1591","2026-06-20","138","ASIM BROTHERS MARKET","5000",""
"1625","2026-06-20","253","IZZAT AGA AUTO RABIA CITY","7000",""
"1602","2026-06-20","190","ASIF AUTO SABZI MANDI","3000",""
"1603","2026-06-20","211","ZAFAR AUTO SABZI MANDI","4650",""
"1604","2026-06-20","180","ARSALAN AUTO 13D GULLSHAN","5000",""
"1621","2026-06-20","287","HAFEEZ AUTO GHAZI GOTH","11350",""
"1620","2026-06-20","68","ARIF AUTOS LANDHI","17000",""
"1601","2026-06-20","189","UBAID AUTO GULLSHAN 13D","5000",""
"1629","2026-06-22","178","B.S ALIYAN AUTO WATER PUMP","2000",""
"1630","2026-06-22","217","BISMILLAH AUTO WATER PUMP","1000",""
"1636","2026-06-22","282","SALEEM AUTO MAYMAR","12000",""
"1635","2026-06-22","164","STAR AUTO MAYMAR","10000",""
"1638","2026-06-22","158","PAKISTAN AUTO QUAIDABAD","8000",""
"1637","2026-06-22","298","IQBAL AUTO QAIDABAD","6000",""
"1632","2026-06-22","176","ANSARI AUTO DASTAGIR","1000",""
"1631","2026-06-22","182","SHAMA AUTO ELECTRIC W/P","1000",""
"1634","2026-06-22","280","MINHAJ AUTO MAYMAR","10000",""
"1633","2026-06-22","213","YOUSUF AUTO GULLSHAN 13D","1000",""
"1628","2026-06-22","246","NASIR AUTO PEOPELS CHORANGI","1000",""
"1595","2026-06-22","53","NOORANI AUTOS BADIN","15950",""
"1596","2026-06-22","42","KHATAOMAL PANGRIO","100000",""
"1594","2026-06-22","186","MAMA ASHFAQ BADIN","45000",""
"1592","2026-06-22","209","R-K AUTO MARKET","7000",""
"1593","2026-06-22","25","AZAN AUTO BADIN","100000",""
"1597","2026-06-22","103","GHOUSIA AUTO JHUDDO","10000",""
"1626","2026-06-22","285","K.K AUTO RABIA CITY","8000",""
"1627","2026-06-22","259","IMRAN AUTO PEHALWAN GOTH","5000",""
"1600","2026-06-22","171","MAMA JAMALI AUTO BADIN","40000",""
"1598","2026-06-22","264","NOOR AUTO JHUDDO","50000",""
"1599","2026-06-22","150","M UMER BADIN","100000",""
"1681","2026-06-23","109","BABU AUTO SINDHI HOTEL","10000",""
"1682","2026-06-23","161","SHAYAN AUTO U.P","10000",""
"1656","2026-06-23","132","ADNAN AUTO FAST","40000",""
"1653","2026-06-23","286","QUETTA AUTO BAKRA PIRI MALIR","9000",""
"1654","2026-06-23","233","SHAMIM AUTO KALA BOARD","7019",""
"1655","2026-06-23","260","ASAD AUTO MALIR","2000",""
"1678","2026-06-23","246","NASIR AUTO PEOPELS CHORANGI","1000",""
"1679","2026-06-23","178","B.S ALIYAN AUTO WATER PUMP","2000",""
"1680","2026-06-23","182","SHAMA AUTO ELECTRIC W/P","1000",""
"1677","2026-06-23","217","BISMILLAH AUTO WATER PUMP","2000",""
"1674","2026-06-23","254","WARSI AUTO NAZIMABAD","3000",""
"1675","2026-06-23","270","SARWAR AUTO PEOPELS CHOWRANGI","2000",""
"1676","2026-06-23","213","YOUSUF AUTO GULLSHAN 13D","2000",""
"1646","2026-06-23","36","HADIA K1 NORTH NAZIMABAD","10000",""
"1645","2026-06-23","69","WAQAS AUTOS ISLAM CHOWK","20000",""
"1639","2026-06-23","26","AZAN AUTOS JIMMY LANDHI","15000",""
"1647","2026-06-23","89","WAQAS TYRE TUBE ISLAM CHOWK","7000",""
"1644","2026-06-23","20","ALI AUTOS ISLAM CHOWK","20000",""
"1641","2026-06-23","174","FAROOQ AUTO SHAH FAISAL","3000",""
"1640","2026-06-23","101","A.R AUTOS BAGH-E-KORANGI","10000",""
"1643","2026-06-23","71","HAMZA KHAN AUTOS ORANGI TOWN","15000",""
"1642","2026-06-23","92","OSAMA ISLAM CHOWK","7000",""
"1651","2026-06-23","273","RIZWAN AUTO MALIR","5000",""
"1649","2026-06-23","231","STAR AUTO MALIR","10000",""
"1648","2026-06-23","205","WAQAS TYRE ORANGI W/RIM","3000",""
"1650","2026-06-23","229","IMRAN AUTO FAQEERA GOTH","10000",""
"1652","2026-06-23","149","SHEIKH AUTO PEHALWAN GOTH","20000",""
"1907","2026-06-24","237","J&B AUTO SHAH LATIF","10000",""
"1905","2026-06-24","256","PARTS WALA AUTO LANDHI 6","7000",""
"1906","2026-06-24","251","KARACHI AUTO QUAIDABAD","8200",""
"1904","2026-06-24","239","AL-HAJ AUTO MANSERA COLONY","5000",""
"1903","2026-06-24","236","QUETTA AUTO SHAHLATIF","20000",""
"1688","2026-06-27","215","M/S AUTO GULLSHAN 13D","10000",""
"1689","2026-06-27","213","YOUSUF AUTO GULLSHAN 13D","1000",""
"1687","2026-06-27","181","MAKKA AUTO KORANGI 3 NUMBER","3000",""
"1691","2026-06-27","284","SAMI AUTO GULLSHAN 13D","14710",""
"1690","2026-06-27","178","B.S ALIYAN AUTO WATER PUMP","1000",""
"1684","2026-06-27","114","TAJ AUTO MEHRAN TOWN 1","5000",""
"1683","2026-06-27","144","TAJ AUTO MEHRAN TOWN 2","5000",""
"1686","2026-06-27","295","SIDDIQUE AUTO BILAL COLONY","10000",""
"1685","2026-06-27","199","SUFI BILAL COLONY KORANGI","5000",""
"1662","2026-06-27","276","REHAN AUTO SHAH FAISAL","4119",""
"1661","2026-06-27","167","QADRI AUTO SHAH FAISAL","5000",""
"1664","2026-06-27","243","KAZIM AUTO BAG E KORANGI","25000",""
"1663","2026-06-27","148","IRFAN AUTO SHAH FAISAL","3437",""
"1658","2026-06-27","187","NASEER AUTO VINDER","32434",""
"1657","2026-06-27","51","NEW KAKAR AUTOS PIDC","5000",""
"1660","2026-06-27","170","ABDUL HADI AUTO DRIG ROAD","4000",""
"1659","2026-06-27","104","HAMZA AUTO MOSMIYAT","40000",""
"1665","2026-06-27","141","ALI AUTO MEHMODABAD","10000",""
"1671","2026-06-27","60","RIZWAN SUPPLIER KORANGI","30000",""
"1670","2026-06-27","57","RANA AUTOS LANDHI","15000",""
"1673","2026-06-27","70","UNIQUE AUTOS LANDHI","8000",""
"1672","2026-06-27","303","UNIQUE AUTO LANDHI W/RIM","32000",""
"1667","2026-06-27","310","TIGER AUTO LUCKY STAR","3000",""
"1666","2026-06-27","223","ABID AUTO LUCKY STAR","3000",""
"1669","2026-06-27","68","ARIF AUTOS LANDHI","10000",""
"1668","2026-06-27","111","HAMZA AUTO SURJANI","3000",""
"1716","2026-06-29","211","ZAFAR AUTO SABZI MANDI","3000",""
"1717","2026-06-29","246","NASIR AUTO PEOPELS CHORANGI","2000",""
"1718","2026-06-29","213","YOUSUF AUTO GULLSHAN 13D","2000",""
"1715","2026-06-29","190","ASIF AUTO SABZI MANDI","3000",""
"1712","2026-06-29","297","AWAMI AUTO FAQEERA GOTH","7399",""
"1713","2026-06-29","238","IMRAN AUTO SHER PAO","4000",""
"1714","2026-06-29","178","B.S ALIYAN AUTO WATER PUMP","4000",""
"1723","2026-06-29","176","ANSARI AUTO DASTAGIR","1000",""
"1724","2026-06-29","210","SHAH JI AUTO PEOPELS CHOWK","1500",""
"1725","2026-06-29","307","SUBHAN AUTO 13D W/RIM","3000",""
"1722","2026-06-29","217","BISMILLAH AUTO WATER PUMP","1000",""
"1719","2026-06-29","270","SARWAR AUTO PEOPELS CHOWRANGI","2000",""
"1720","2026-06-29","267","HAFIZ AUTO PEHALWAN GOTH","4500",""
"1721","2026-06-29","285","K.K AUTO RABIA CITY","7000",""
"1698","2026-06-29","311","INSAF AUTO LIYARI 36","10000",""
"1692","2026-06-29","116","ASIF SUPPLIER ZIP 1","10000",""
"1699","2026-06-29","81","TAYYABA AUTO SURJANI","3000",""
"1701","2026-06-29","57","RANA AUTOS LANDHI","20000",""
"1700","2026-06-29","128","ZAIB AUTO WATER PUMP","50000",""
"1696","2026-06-29","321","NASEER AUTO LIYARI 36","30000",""
"1697","2026-06-29","313","INSAF LIYARI 36 W/RIM","30000",""
"1695","2026-06-29","79","REHMAN AUTO AJMEER NAGRI","5000",""
"1693","2026-06-29","132","ADNAN AUTO FAST","42700",""
"1694","2026-06-29","169","TAYYAB AUTO MEHMODABAD","16000",""
"1708","2026-06-29","228","KHALIL AUTO RABIA CITY","5000",""
"1707","2026-06-29","253","IZZAT AGA AUTO RABIA CITY","10000",""
"1709","2026-06-29","280","MINHAJ AUTO MAYMAR","5000",""
"1711","2026-06-29","107","NIZAM AUTO MAYMAR","5000",""
"1710","2026-06-29","279","HABIB AUTO MAYMAR","9740",""
"1703","2026-06-29","26","AZAN AUTOS JIMMY LANDHI","15000",""
"1702","2026-06-29","68","ARIF AUTOS LANDHI","10000",""
"1704","2026-06-29","101","A.R AUTOS BAGH-E-KORANGI","10000",""
"1706","2026-06-29","149","SHEIKH AUTO PEHALWAN GOTH","10000",""
"1705","2026-06-29","269","M/S AUTO SACHAL","3000",""
"1736","2026-06-30","92","OSAMA ISLAM CHOWK","7000",""
"1737","2026-06-30","69","WAQAS AUTOS ISLAM CHOWK","30000",""
"1738","2026-06-30","105","A.H AUTO ORANGI L BLOCK","1750","from waqas buffer zone"
"1735","2026-06-30","20","ALI AUTOS ISLAM CHOWK","20000",""
"1728","2026-06-30","308","SHAN AUTO MALIR","2000",""
"1729","2026-06-30","273","RIZWAN AUTO MALIR","5000",""
"1726","2026-06-30","59","RIDER AUTO PARTS","50000",""
"1727","2026-06-30","286","QUETTA AUTO BAKRA PIRI MALIR","6000",""
"1730","2026-06-30","232","UNIQUE TRADERS KALA BOARD","18800",""
"1733","2026-06-30","112","RAJPUT AUTO SABRI CHOWK ORANGI","10000",""
"1734","2026-06-30","71","HAMZA KHAN AUTOS ORANGI TOWN","20000",""
"1731","2026-06-30","158","PAKISTAN AUTO QUAIDABAD","5000",""
"1732","2026-06-30","220","SHAFI AUTO MEMON GOTH","11000",""
"1751","2026-07-01","189","UBAID AUTO GULLSHAN 13D","6500",""
"1750","2026-07-01","213","YOUSUF AUTO GULLSHAN 13D","2000",""
"1752","2026-07-01","246","NASIR AUTO PEOPELS CHORANGI","1000",""
"1754","2026-07-01","327","AJMERI AUTO SINDHI HOTEL","2000",""
"1753","2026-07-01","178","B.S ALIYAN AUTO WATER PUMP","2000",""
"1741","2026-07-01","237","J&B AUTO SHAH LATIF","15000",""
"1740","2026-07-01","236","QUETTA AUTO SHAHLATIF","20000",""
"1742","2026-07-01","244","SAHIBZADA AUTO 89 MKT","14800",""
"1744","2026-07-01","251","KARACHI AUTO QUAIDABAD","10000",""
"1743","2026-07-01","158","PAKISTAN AUTO QUAIDABAD","5000",""
"1739","2026-07-01","230","M.A AUTO KHOPRA PAR 4 NUMBER","1580",""
"1748","2026-07-01","217","BISMILLAH AUTO WATER PUMP","2000",""
"1749","2026-07-01","176","ANSARI AUTO DASTAGIR","1000",""
"1747","2026-07-01","270","SARWAR AUTO PEOPELS CHOWRANGI","2500",""
"1745","2026-07-01","180","ARSALAN AUTO 13D GULLSHAN","4000",""
"1746","2026-07-01","307","SUBHAN AUTO 13D W/RIM","4000",""
"1771","2026-07-02","223","ABID AUTO LUCKY STAR","3000",""
"1772","2026-07-02","82","JUNAID AUTO AGRA TAJ","15000",""
"1769","2026-07-02","77","MALIK AUTO LINES AREA","10000",""
"1770","2026-07-02","310","TIGER AUTO LUCKY STAR","5000",""
"1775","2026-07-02","296","ARIF AUTO TALHAR","100000",""
"1776","2026-07-02","96","GHAZI AUTOS GOLARCHI","50000",""
"1773","2026-07-02","67","JAMEEL AUTOS LEE MARKET","20000",""
"1774","2026-07-02","129","B.S AUTO AZIZABAD","10000",""
"1759","2026-07-02","144","TAJ AUTO MEHRAN TOWN 2","5000",""
"1760","2026-07-02","114","TAJ AUTO MEHRAN TOWN 1","4000",""
"1761","2026-07-02","173","B.S AUTO FARZAN BAK KORANGI","4000",""
"1758","2026-07-02","227","HASNAIN AUTO KORANGI 51 A","4000",""
"1755","2026-07-02","331","M.UMAR AUTO NASIR JUMP KORANGI","10000",""
"1756","2026-07-02","215","M/S AUTO GULLSHAN 13D","10000",""
"1757","2026-07-02","192","SUBHAN AUTO GULSHAN 13D","5000",""
"1766","2026-07-02","176","ANSARI AUTO DASTAGIR","1000",""
"1767","2026-07-02","213","YOUSUF AUTO GULLSHAN 13D","1000",""
"1768","2026-07-02","207","B.S KORANGI 4 POOL","5000",""
"1765","2026-07-02","246","NASIR AUTO PEOPELS CHORANGI","1000",""
"1762","2026-07-02","181","MAKKA AUTO KORANGI 3 NUMBER","3000",""
"1763","2026-07-02","191","SHAFI AUTO GULSHAN IQBAL","3500",""
"1764","2026-07-02","178","B.S ALIYAN AUTO WATER PUMP","2000",""
"1797","2026-07-04","213","YOUSUF AUTO GULLSHAN 13D","1000",""
"1798","2026-07-04","270","SARWAR AUTO PEOPELS CHOWRANGI","1500",""
"1796","2026-07-04","217","BISMILLAH AUTO WATER PUMP","2000",""
"1794","2026-07-04","246","NASIR AUTO PEOPELS CHORANGI","4500",""
"1795","2026-07-04","178","B.S ALIYAN AUTO WATER PUMP","2000",""
"1799","2026-07-04","75","YASIR AUTOS SACHAL GOTH","8600",""
"1803","2026-07-04","289","GHAZI AUTO PEHALWAN GOTH","5000",""
"1804","2026-07-04","228","KHALIL AUTO RABIA CITY","5000",""
"1802","2026-07-04","149","SHEIKH AUTO PEHALWAN GOTH","10000",""
"1800","2026-07-04","278","SHOAIB AUTO SACHAL","15000",""
"1801","2026-07-04","281","SUBHAN ALLAH AUTO SACHAL","5000",""
"1783","2026-07-04","148","IRFAN AUTO SHAH FAISAL","10000",""
"1781","2026-07-04","276","REHAN AUTO SHAH FAISAL","5000",""
"1785","2026-07-04","153","JUNAID AUTO SHAHFAISAL","39600",""
"1784","2026-07-04","68","ARIF AUTOS LANDHI","10000",""
"1778","2026-07-04","245","IMRAN AUTO MALIR","5000",""
"1777","2026-07-04","238","IMRAN AUTO SHER PAO","4000",""
"1780","2026-07-04","170","ABDUL HADI AUTO DRIG ROAD","5000",""
"1779","2026-07-04","248","FAISAL AUTO AZEEM PURA","5000",""
"1791","2026-07-04","192","SUBHAN AUTO GULSHAN 13D","5000",""
"1782","2026-07-04","167","QADRI AUTO SHAH FAISAL","5000",""
"1793","2026-07-04","190","ASIF AUTO SABZI MANDI","3000",""
"1792","2026-07-04","211","ZAFAR AUTO SABZI MANDI","4000",""
"1787","2026-07-04","116","ASIF SUPPLIER ZIP 1","10000",""
"1786","2026-07-04","141","ALI AUTO MEHMODABAD","4000",""
"1789","2026-07-04","132","ADNAN AUTO FAST","8150",""
"1788","2026-07-04","275","MUNAWAR GUMBHAT","35000",""
"1824","2026-07-06","280","MINHAJ AUTO MAYMAR","10000",""
"1825","2026-07-06","164","STAR AUTO MAYMAR","10000",""
"1823","2026-07-06","287","HAFEEZ AUTO GHAZI GOTH","5000",""
"1821","2026-07-06","213","YOUSUF AUTO GULLSHAN 13D","1000",""
"1822","2026-07-06","176","ANSARI AUTO DASTAGIR","1000",""
"1826","2026-07-06","297","AWAMI AUTO FAQEERA GOTH","14947",""
"1830","2026-07-06","104","HAMZA AUTO MOSMIYAT","35000",""
"1831","2026-07-06","25","AZAN AUTO BADIN","100000",""
"1829","2026-07-06","253","IZZAT AGA AUTO RABIA CITY","7000",""
"1827","2026-07-06","229","IMRAN AUTO FAQEERA GOTH","10000",""
"1828","2026-07-06","338","REHMAN AUTO JANJAL GOTH","5000",""
"1809","2026-07-06","141","ALI AUTO MEHMODABAD","6000",""
"1808","2026-07-06","111","HAMZA AUTO SURJANI","3000",""
"1811","2026-07-06","36","HADIA K1 NORTH NAZIMABAD","10000",""
"1810","2026-07-06","222","M.A AUTO UP","50000",""
"1805","2026-07-06","321","NASEER AUTO LIYARI 36","29700",""
"1790","2026-07-06","138","ASIM BROTHERS MARKET","7000",""
"1807","2026-07-06","313","INSAF LIYARI 36 W/RIM","3000",""
"1806","2026-07-06","311","INSAF AUTO LIYARI 36","17000",""
"1812","2026-07-06","68","ARIF AUTOS LANDHI","10000",""
"1818","2026-07-06","246","NASIR AUTO PEOPELS CHORANGI","1000",""
"1817","2026-07-06","266","MADNI AUTO PEHALWAN GOTH","5000",""
"1820","2026-07-06","217","BISMILLAH AUTO WATER PUMP","1000",""
"1819","2026-07-06","270","SARWAR AUTO PEOPELS CHOWRANGI","1000",""
"1814","2026-07-06","101","A.R AUTOS BAGH-E-KORANGI","10000",""
"1813","2026-07-06","26","AZAN AUTOS JIMMY LANDHI","15000",""
"1816","2026-07-06","259","IMRAN AUTO PEHALWAN GOTH","6000",""
"1815","2026-07-06","285","K.K AUTO RABIA CITY","10000",""
"1848","2026-07-07","51","NEW KAKAR AUTOS PIDC","10000",""
"1849","2026-07-07","25","AZAN AUTO BADIN","50000",""
"1846","2026-07-07","220","SHAFI AUTO MEMON GOTH","14000",""
"1847","2026-07-07","150","M UMER BADIN","85000",""
"1852","2026-07-07","132","ADNAN AUTO FAST","14350",""
"2012","2026-07-07","70","UNIQUE AUTOS LANDHI","600","brake shoe rate difrens"
"1850","2026-07-07","102","SALEEM MAMU","7000",""
"1851","2026-07-07","132","ADNAN AUTO FAST","25650",""
"1834","2026-07-07","92","OSAMA ISLAM CHOWK","9000",""
"1833","2026-07-07","112","RAJPUT AUTO SABRI CHOWK ORANGI","10000",""
"1832","2026-07-07","221","WAJAHAT SUPPLIER MARKET","1250",""
"1835","2026-07-07","20","ALI AUTOS ISLAM CHOWK","20000",""
"1838","2026-07-07","286","QUETTA AUTO BAKRA PIRI MALIR","7100",""
"1837","2026-07-07","69","WAQAS AUTOS ISLAM CHOWK","25000",""
"1836","2026-07-07","71","HAMZA KHAN AUTOS ORANGI TOWN","15000",""
"1843","2026-07-07","260","ASAD AUTO MALIR","2000",""
"1844","2026-07-07","158","PAKISTAN AUTO QUAIDABAD","5000",""
"1845","2026-07-07","298","IQBAL AUTO QAIDABAD","5000",""
"1842","2026-07-07","292","AL-REHMAN AUTO MALIR","4000",""
"1839","2026-07-07","308","SHAN AUTO MALIR","2000",""
"1840","2026-07-07","273","RIZWAN AUTO MALIR","4000",""
"1841","2026-07-07","233","SHAMIM AUTO KALA BOARD","5000",""
"1863","2026-07-08","178","B.S ALIYAN AUTO WATER PUMP","4000",""
"1864","2026-07-08","246","NASIR AUTO PEOPELS CHORANGI","2000",""
"1865","2026-07-08","270","SARWAR AUTO PEOPELS CHOWRANGI","2500",""
"1856","2026-07-08","237","J&B AUTO SHAH LATIF","15000",""
"1857","2026-07-08","330","MADINA AUTO QUAIDABAD","10000",""
"1855","2026-07-08","231","STAR AUTO MALIR","15530",""
"1853","2026-07-08","209","R-K AUTO MARKET","6500",""
"1854","2026-07-08","187","NASEER AUTO VINDER","4376",""
"1861","2026-07-08","213","YOUSUF AUTO GULLSHAN 13D","2000",""
"1862","2026-07-08","217","BISMILLAH AUTO WATER PUMP","1000",""
"1860","2026-07-08","327","AJMERI AUTO SINDHI HOTEL","2000",""
"1858","2026-07-08","109","BABU AUTO SINDHI HOTEL","10000",""
"1859","2026-07-08","161","SHAYAN AUTO U.P","15000",""
"1884","2026-07-09","67","JAMEEL AUTOS LEE MARKET","20000",""
"1885","2026-07-09","223","ABID AUTO LUCKY STAR","3000",""
"1882","2026-07-09","98","ASLAM AUTOS MARIPUR","20000",""
"1883","2026-07-09","82","JUNAID AUTO AGRA TAJ","10800",""
"1888","2026-07-09","116","ASIF SUPPLIER ZIP 1","10000",""
"1889","2026-07-09","272","KAMRAN AUTO SHEHDAD KOT","61660",""
"1886","2026-07-09","141","ALI AUTO MEHMODABAD","8000",""
"1887","2026-07-09","115","HONDA KARACHI PAKISTAN CHOWK","20000",""
"1881","2026-07-09","129","B.S AUTO AZIZABAD","10000",""
"1870","2026-07-09","181","MAKKA AUTO KORANGI 3 NUMBER","3000",""
"1871","2026-07-09","207","B.S KORANGI 4 POOL","5000",""
"1872","2026-07-09","215","M/S AUTO GULLSHAN 13D","5000",""
"1869","2026-07-09","173","B.S AUTO FARZAN BAK KORANGI","5000",""
"1867","2026-07-09","144","TAJ AUTO MEHRAN TOWN 2","6000",""
"1866","2026-07-09","199","SUFI BILAL COLONY KORANGI","5000",""
"1868","2026-07-09","114","TAJ AUTO MEHRAN TOWN 1","3000",""
"1873","2026-07-09","189","UBAID AUTO GULLSHAN 13D","5000",""
"1876","2026-07-09","246","NASIR AUTO PEOPELS CHORANGI","1000",""
"1877","2026-07-09","178","B.S ALIYAN AUTO WATER PUMP","2000",""
"1874","2026-07-09","192","SUBHAN AUTO GULSHAN 13D","5000",""
"1875","2026-07-09","176","ANSARI AUTO DASTAGIR","1000",""
"1878","2026-07-09","270","SARWAR AUTO PEOPELS CHOWRANGI","1000",""
"1879","2026-07-09","213","YOUSUF AUTO GULLSHAN 13D","2000",""
"1880","2026-07-09","180","ARSALAN AUTO 13D GULLSHAN","3000",""
"1901","2026-07-10","276","REHAN AUTO SHAH FAISAL","8000",""
"1902","2026-07-10","167","QADRI AUTO SHAH FAISAL","5000",""
"1908","2026-07-10","293","SIDDIQUE AUTO LANDHI","8000",""
"1890","2026-07-10","215","M/S AUTO GULLSHAN 13D","10000",""
"1894","2026-07-10","217","BISMILLAH AUTO WATER PUMP","1000",""
"1895","2026-07-10","68","ARIF AUTOS LANDHI","20000",""
"1893","2026-07-10","270","SARWAR AUTO PEOPELS CHOWRANGI","1000",""
"1891","2026-07-10","213","YOUSUF AUTO GULLSHAN 13D","3000",""
"1892","2026-07-10","246","NASIR AUTO PEOPELS CHORANGI","2000",""
"1899","2026-07-10","335","MAHROOF AUTO SHAH FAISAL","2000",""
"1900","2026-07-10","170","ABDUL HADI AUTO DRIG ROAD","4000",""
"1898","2026-07-10","248","FAISAL AUTO AZEEM PURA","6000",""
"1896","2026-07-10","57","RANA AUTOS LANDHI","40000",""
"1897","2026-07-10","243","KAZIM AUTO BAG E KORANGI","15000",""
"1909","2026-07-11","204","MADINA AUTO AL-ASIF SQUARE","135000",""
"1935","2026-07-13","238","IMRAN AUTO SHER PAO","5000",""
"2024","2026-07-13","217","BISMILLAH AUTO WATER PUMP","1000",""
"2025","2026-07-13","270","SARWAR AUTO PEOPELS CHOWRANGI","1000",""
"1934","2026-07-13","297","AWAMI AUTO FAQEERA GOTH","3000",""
"1931","2026-07-13","282","SALEEM AUTO MAYMAR","5000",""
"1930","2026-07-13","164","STAR AUTO MAYMAR","10000",""
"1933","2026-07-13","322","MIRAJ AUTO M.KHAN GOTH","4000",""
"1932","2026-07-13","338","REHMAN AUTO JANJAL GOTH","5000",""
"2017","2026-07-13","176","ANSARI AUTO DASTAGIR","1000",""
"2018","2026-07-13","213","YOUSUF AUTO GULLSHAN 13D","6000",""
"2015","2026-07-13","246","NASIR AUTO PEOPELS CHORANGI","3000",""
"2016","2026-07-13","178","B.S ALIYAN AUTO WATER PUMP","3000",""
"2019","2026-07-13","192","SUBHAN AUTO GULSHAN 13D","5000",""
"2022","2026-07-13","259","IMRAN AUTO PEHALWAN GOTH","10000",""
"2023","2026-07-13","331","M.UMAR AUTO NASIR JUMP KORANGI","10000",""
"2020","2026-07-13","211","ZAFAR AUTO SABZI MANDI","3000",""
"2021","2026-07-13","285","K.K AUTO RABIA CITY","10000",""
"1929","2026-07-13","340","HAJI AUTO JAMALI PULL","15000",""
"1915","2026-07-13","26","AZAN AUTOS JIMMY LANDHI","10000",""
"1916","2026-07-13","101","A.R AUTOS BAGH-E-KORANGI","15000",""
"1913","2026-07-13","68","ARIF AUTOS LANDHI","10000",""
"1914","2026-07-13","57","RANA AUTOS LANDHI","20000",""
"1917","2026-07-13","337","NOORANI AUTO SAFORA","10000",""
"1920","2026-07-13","278","SHOAIB AUTO SACHAL","8350",""
"1921","2026-07-13","281","SUBHAN ALLAH AUTO SACHAL","5000",""
"1918","2026-07-13","287","HAFEEZ AUTO GHAZI GOTH","4000",""
"1919","2026-07-13","75","YASIR AUTOS SACHAL GOTH","5000",""
"1912","2026-07-13","111","HAMZA AUTO SURJANI","2500",""
"1926","2026-07-13","228","KHALIL AUTO RABIA CITY","3875",""
"1925","2026-07-13","289","GHAZI AUTO PEHALWAN GOTH","3000",""
"1928","2026-07-13","336","DEEWAN AUTO SHAH FAISAL","5000",""
"1927","2026-07-13","253","IZZAT AGA AUTO RABIA CITY","7000",""
"1924","2026-07-13","27","B.S BAKHTAWAR GOTH","10600",""
"1910","2026-07-13","79","REHMAN AUTO AJMEER NAGRI","5000",""
"1911","2026-07-13","36","HADIA K1 NORTH NAZIMABAD","10000",""
"1923","2026-07-13","149","SHEIKH AUTO PEHALWAN GOTH","10000",""
"1922","2026-07-13","269","M/S AUTO SACHAL","3000",""
"1950","2026-07-14","42","KHATAOMAL PANGRIO","100000",""
"1940","2026-07-14","273","RIZWAN AUTO MALIR","5000",""
"1941","2026-07-14","292","AL-REHMAN AUTO MALIR","5355",""
"1942","2026-07-14","274","A.M AUTO MALIR","6540",""
"1937","2026-07-14","158","PAKISTAN AUTO QUAIDABAD","5000",""
"1938","2026-07-14","298","IQBAL AUTO QAIDABAD","3500",""
"1939","2026-07-14","229","IMRAN AUTO FAQEERA GOTH","17400",""
"1943","2026-07-14","260","ASAD AUTO MALIR","2000",""
"1947","2026-07-14","71","HAMZA KHAN AUTOS ORANGI TOWN","18000",""
"1948","2026-07-14","69","WAQAS AUTOS ISLAM CHOWK","30000",""
"1949","2026-07-14","25","AZAN AUTO BADIN","55000",""
"1944","2026-07-14","256","PARTS WALA AUTO LANDHI 6","7000",""
"1945","2026-07-14","342","AWAMI AUTO W/RIM","17000",""
"1946","2026-07-14","92","OSAMA ISLAM CHOWK","10000",""
"1967","2026-07-15","226","QISMAT AUTO TANDO GHULAM ALI","16000",""
"1968","2026-07-15","119","KARTAR AUTO CHOUARJAMALI","7500",""
"1969","2026-07-15","25","AZAN AUTO BADIN","76500",""
"1966","2026-07-15","275","MUNAWAR GUMBHAT","15000",""
"1955","2026-07-15","270","SARWAR AUTO PEOPELS CHOWRANGI","2500",""
"1956","2026-07-15","217","BISMILLAH AUTO WATER PUMP","2000",""
"1957","2026-07-15","176","ANSARI AUTO DASTAGIR","1000",""
"1954","2026-07-15","216","M/S AUTO 13D W/RIM","4000",""
"1951","2026-07-15","254","WARSI AUTO NAZIMABAD","3000",""
"1952","2026-07-15","192","SUBHAN AUTO GULSHAN 13D","5000",""
"1953","2026-07-15","246","NASIR AUTO PEOPELS CHORANGI","3000",""
"1958","2026-07-15","178","B.S ALIYAN AUTO WATER PUMP","1000",""
"1963","2026-07-15","168","B.S AUTO QUAIDABAD","20000",""
"1964","2026-07-15","59","RIDER AUTO PARTS","50000",""
"1965","2026-07-15","319","BILAL JAN AUTO GAWADAR","44840",""
"1962","2026-07-15","239","AL-HAJ AUTO MANSERA COLONY","10000",""
"1959","2026-07-15","109","BABU AUTO SINDHI HOTEL","10000",""
"1960","2026-07-15","231","STAR AUTO MALIR","25000",""
"1961","2026-07-15","237","J&B AUTO SHAH LATIF","10000",""
"1985","2026-07-16","209","R-K AUTO MARKET","500",""
"1986","2026-07-16","305","ALI AUTO ISLAM CHOWK W/RIM","53114","RCV ZIP1 PAYBLE"
"1984","2026-07-16","213","YOUSUF AUTO GULLSHAN 13D","3000",""
"1974","2026-07-16","77","MALIK AUTO LINES AREA","5000",""
"1975","2026-07-16","101","A.R AUTOS BAGH-E-KORANGI","5000",""
"1976","2026-07-16","199","SUFI BILAL COLONY KORANGI","5000",""
"1973","2026-07-16","223","ABID AUTO LUCKY STAR","2500",""
"1970","2026-07-16","82","JUNAID AUTO AGRA TAJ","20000",""
"1971","2026-07-16","67","JAMEEL AUTOS LEE MARKET","20000",""
"1972","2026-07-16","310","TIGER AUTO LUCKY STAR","3000",""
"1981","2026-07-16","192","SUBHAN AUTO GULSHAN 13D","5000",""
"1982","2026-07-16","246","NASIR AUTO PEOPELS CHORANGI","1000",""
"1983","2026-07-16","315","SHAYAN AUTO UP W/RIM","15000",""
"1980","2026-07-16","227","HASNAIN AUTO KORANGI 51 A","3000",""
"1977","2026-07-16","295","SIDDIQUE AUTO BILAL COLONY","5000",""
"1978","2026-07-16","144","TAJ AUTO MEHRAN TOWN 2","7000",""
"1979","2026-07-16","173","B.S AUTO FARZAN BAK KORANGI","8000",""
"2009","2026-07-17","132","ADNAN AUTO FAST","17000",""
"2007","2026-07-17","132","ADNAN AUTO FAST","23000",""
"2008","2026-07-17","116","ASIF SUPPLIER ZIP 1","10000",""
"2010","2026-07-17","132","ADNAN AUTO FAST","3500",""
"2014","2026-07-17","51","NEW KAKAR AUTOS PIDC","9000",""
"2013","2026-07-17","138","ASIM BROTHERS MARKET","10800",""
"2011","2026-07-17","275","MUNAWAR GUMBHAT","15000",""
"2006","2026-07-17","181","MAKKA AUTO KORANGI 3 NUMBER","3000",""
"1993","2026-07-17","238","IMRAN AUTO SHER PAO","5000",""
"1992","2026-07-17","167","QADRI AUTO SHAH FAISAL","5000",""
"1995","2026-07-17","68","ARIF AUTOS LANDHI","15000",""
"1994","2026-07-17","60","RIZWAN SUPPLIER KORANGI","32000",""
"1991","2026-07-17","148","IRFAN AUTO SHAH FAISAL","10000",""
"1988","2026-07-17","335","MAHROOF AUTO SHAH FAISAL","2000",""
"1987","2026-07-17","248","FAISAL AUTO AZEEM PURA","6000",""
"1990","2026-07-17","276","REHAN AUTO SHAH FAISAL","6000",""
"1989","2026-07-17","170","ABDUL HADI AUTO DRIG ROAD","5000",""
"1996","2026-07-17","174","FAROOQ AUTO SHAH FAISAL","8000",""
"2003","2026-07-17","217","BISMILLAH AUTO WATER PUMP","1000",""
"2002","2026-07-17","178","B.S ALIYAN AUTO WATER PUMP","2000",""
"2005","2026-07-17","270","SARWAR AUTO PEOPELS CHOWRANGI","1000",""
"2004","2026-07-17","176","ANSARI AUTO DASTAGIR","1000",""
"2001","2026-07-17","213","YOUSUF AUTO GULLSHAN 13D","3000",""
"1998","2026-07-17","141","ALI AUTO MEHMODABAD","9000",""
"1997","2026-07-17","70","UNIQUE AUTOS LANDHI","100000",""
"2000","2026-07-17","216","M/S AUTO 13D W/RIM","5000",""
"1999","2026-07-17","215","M/S AUTO GULLSHAN 13D","10000",""
"2051","2026-07-20","213","YOUSUF AUTO GULLSHAN 13D","6000",""
"2050","2026-07-20","192","SUBHAN AUTO GULSHAN 13D","5000",""
"2053","2026-07-20","190","ASIF AUTO SABZI MANDI","3000",""
"2052","2026-07-20","211","ZAFAR AUTO SABZI MANDI","5000",""
"2049","2026-07-20","220","SHAFI AUTO MEMON GOTH","14000",""
"2046","2026-07-20","322","MIRAJ AUTO M.KHAN GOTH","3000",""
"2045","2026-07-20","338","REHMAN AUTO JANJAL GOTH","5000",""
"2048","2026-07-20","251","KARACHI AUTO QUAIDABAD","5000",""
"2047","2026-07-20","298","IQBAL AUTO QAIDABAD","4000",""
"2060","2026-07-20","259","IMRAN AUTO PEHALWAN GOTH","5000",""
"2059","2026-07-20","285","K.K AUTO RABIA CITY","8000",""
"2062","2026-07-20","267","HAFIZ AUTO PEHALWAN GOTH","7000",""
"2061","2026-07-20","266","MADNI AUTO PEHALWAN GOTH","4650",""
"2058","2026-07-20","217","BISMILLAH AUTO WATER PUMP","2000",""
"2055","2026-07-20","246","NASIR AUTO PEOPELS CHORANGI","2500",""
"2054","2026-07-20","178","B.S ALIYAN AUTO WATER PUMP","2000",""
"2057","2026-07-20","176","ANSARI AUTO DASTAGIR","1000",""
"2056","2026-07-20","270","SARWAR AUTO PEOPELS CHOWRANGI","2000",""
"2044","2026-07-20","164","STAR AUTO MAYMAR","5000",""
"2032","2026-07-20","36","HADIA K1 NORTH NAZIMABAD","10000",""
"2031","2026-07-20","81","TAYYABA AUTO SURJANI","6000",""
"2034","2026-07-20","68","ARIF AUTOS LANDHI","10000",""
"2033","2026-07-20","128","ZAIB AUTO WATER PUMP","10000",""
"2030","2026-07-20","321","NASEER AUTO LIYARI 36","30000",""
"2027","2026-07-20","104","HAMZA AUTO MOSMIYAT","35000",""
"2026","2026-07-20","323","MAKRAN AUTO TURBAT","114000",""
"2029","2026-07-20","80","HUSSAIN AUTO AJMEER NAGRI","20000",""
"2028","2026-07-20","156","SUMAIR AUTO GOLIMAR","20000",""
"2041","2026-07-20","255","BABA & SONS KORANGI 5/2","1050",""
"2040","2026-07-20","253","IZZAT AGA AUTO RABIA CITY","5000",""
"2043","2026-07-20","280","MINHAJ AUTO MAYMAR","5000",""
"2042","2026-07-20","340","HAJI AUTO JAMALI PULL","10000",""
"2039","2026-07-20","289","GHAZI AUTO PEHALWAN GOTH","7000",""
"2036","2026-07-20","337","NOORANI AUTO SAFORA","10000",""
"2035","2026-07-20","26","AZAN AUTOS JIMMY LANDHI","10000",""
"2038","2026-07-20","215","M/S AUTO GULLSHAN 13D","3000",""
"2037","2026-07-20","287","HAFEEZ AUTO GHAZI GOTH","10000",""
"2069","2026-07-21","292","AL-REHMAN AUTO MALIR","6000",""
"2068","2026-07-21","273","RIZWAN AUTO MALIR","5000",""
"2071","2026-07-21","158","PAKISTAN AUTO QUAIDABAD","7000",""
"2070","2026-07-21","260","ASAD AUTO MALIR","2350",""
"2067","2026-07-21","128","ZAIB AUTO WATER PUMP","25000",""
"2064","2026-07-21","92","OSAMA ISLAM CHOWK","10000",""
"2063","2026-07-21","112","RAJPUT AUTO SABRI CHOWK ORANGI","10000",""
"2066","2026-07-21","305","ALI AUTO ISLAM CHOWK W/RIM","9000",""
"2065","2026-07-21","71","HAMZA KHAN AUTOS ORANGI TOWN","20000",""
"2084","2026-07-22","246","NASIR AUTO PEOPELS CHORANGI","2000",""
"2085","2026-07-22","270","SARWAR AUTO PEOPELS CHOWRANGI","1000",""
"2082","2026-07-22","327","AJMERI AUTO SINDHI HOTEL","5000",""
"2083","2026-07-22","178","B.S ALIYAN AUTO WATER PUMP","2000",""
"2086","2026-07-22","217","BISMILLAH AUTO WATER PUMP","1000",""
"2089","2026-07-22","186","MAMA ASHFAQ BADIN","1090",""
"2090","2026-07-22","132","ADNAN AUTO FAST","40000",""
"2087","2026-07-22","180","ARSALAN AUTO 13D GULLSHAN","2450",""
"2088","2026-07-22","171","MAMA JAMALI AUTO BADIN","10000",""
"2081","2026-07-22","213","YOUSUF AUTO GULLSHAN 13D","4000",""
"2074","2026-07-22","237","J&B AUTO SHAH LATIF","10600",""
"2075","2026-07-22","239","AL-HAJ AUTO MANSERA COLONY","8300",""
"2072","2026-07-22","334","PAK AUTO SHAHFAISAL SECTOR 22B","20000",""
"2073","2026-07-22","236","QUETTA AUTO SHAHLATIF","8000",""
"2076","2026-07-22","231","STAR AUTO MALIR","25000",""
"2079","2026-07-22","192","SUBHAN AUTO GULSHAN 13D","10000",""
"2080","2026-07-22","109","BABU AUTO SINDHI HOTEL","10000",""
"2077","2026-07-22","168","B.S AUTO QUAIDABAD","15000",""
"2078","2026-07-22","316","ASLAM AUTO MAJEED COLONY","5000",""
"2099","2026-07-23","207","B.S KORANGI 4 POOL","3000",""
"2098","2026-07-23","181","MAKKA AUTO KORANGI 3 NUMBER","3000",""
"2097","2026-07-23","173","B.S AUTO FARZAN BAK KORANGI","5000",""
"2102","2026-07-23","215","M/S AUTO GULLSHAN 13D","14000",""
"2101","2026-07-23","213","YOUSUF AUTO GULLSHAN 13D","2000",""
"2100","2026-07-23","227","HASNAIN AUTO KORANGI 51 A","3000",""
"2093","2026-07-23","223","ABID AUTO LUCKY STAR","3000",""
"2092","2026-07-23","82","JUNAID AUTO AGRA TAJ","24000",""
"2091","2026-07-23","98","ASLAM AUTOS MARIPUR","15000",""
"2096","2026-07-23","144","TAJ AUTO MEHRAN TOWN 2","5000",""
"2095","2026-07-23","295","SIDDIQUE AUTO BILAL COLONY","10000",""
"2094","2026-07-23","199","SUFI BILAL COLONY KORANGI","5000",""
"2117","2026-07-24","116","ASIF SUPPLIER ZIP 1","10000",""
"2118","2026-07-24","171","MAMA JAMALI AUTO BADIN","34000",""
"2116","2026-07-24","238","IMRAN AUTO SHER PAO","5000",""
"2114","2026-07-24","336","DEEWAN AUTO SHAH FAISAL","5000",""
"2115","2026-07-24","251","KARACHI AUTO QUAIDABAD","5904",""
"2122","2026-07-24","133","YOUSUF AUTO SATO MAIL","20000",""
"2123","2026-07-24","150","M UMER BADIN","300000",""
"2121","2026-07-24","333","A-ONE AUTO NUKOT","30000",""
"2119","2026-07-24","83","SINDH KOHLI SAMARO","10000",""
"2120","2026-07-24","264","NOOR AUTO JHUDDO","57730",""
"2113","2026-07-24","148","IRFAN AUTO SHAH FAISAL","5000",""
"2106","2026-07-24","57","RANA AUTOS LANDHI","18000",""
"2107","2026-07-24","70","UNIQUE AUTOS LANDHI","50000",""
"2105","2026-07-24","68","ARIF AUTOS LANDHI","10000",""
"2103","2026-07-24","69","WAQAS AUTOS ISLAM CHOWK","25000",""
"2104","2026-07-24","17","AHMED RAZA AUTOS REHMANIA MOR","9000",""
"2111","2026-07-24","276","REHAN AUTO SHAH FAISAL","4000",""
"2112","2026-07-24","167","QADRI AUTO SHAH FAISAL","5000",""
"2110","2026-07-24","170","ABDUL HADI AUTO DRIG ROAD","3000",""
"2108","2026-07-24","153","JUNAID AUTO SHAHFAISAL","20000",""
"2109","2026-07-24","243","KAZIM AUTO BAG E KORANGI","25000",""
"2125","2026-07-25","115","HONDA KARACHI PAKISTAN CHOWK","20000",""
"2124","2026-07-25","204","MADINA AUTO AL-ASIF SQUARE","100000",""
"2141","2026-07-27","158","PAKISTAN AUTO QUAIDABAD","5000",""
"2142","2026-07-27","217","BISMILLAH AUTO WATER PUMP","5000",""
"2140","2026-07-27","338","REHMAN AUTO JANJAL GOTH","5000",""
"2138","2026-07-27","282","SALEEM AUTO MAYMAR","5000",""
"2139","2026-07-27","349","SALEEM AUTO HASNABAD","3000",""
"2143","2026-07-27","270","SARWAR AUTO PEOPELS CHOWRANGI","3500",""
"2147","2026-07-27","176","ANSARI AUTO DASTAGIR","1900",""
"2148","2026-07-27","348","MUKHTAR AUTO KAMRAN CHORANGI","20650",""
"2146","2026-07-27","259","IMRAN AUTO PEHALWAN GOTH","5000",""
"2144","2026-07-27","178","B.S ALIYAN AUTO WATER PUMP","2000",""
"2145","2026-07-27","285","K.K AUTO RABIA CITY","10000",""
"2137","2026-07-27","280","MINHAJ AUTO MAYMAR","5000",""
"2129","2026-07-27","156","SUMAIR AUTO GOLIMAR","16000",""
"2130","2026-07-27","337","NOORANI AUTO SAFORA","10000",""
"2128","2026-07-27","80","HUSSAIN AUTO AJMEER NAGRI","10000",""
"2126","2026-07-27","321","NASEER AUTO LIYARI 36","25000",""
"2127","2026-07-27","36","HADIA K1 NORTH NAZIMABAD","14790",""
"2131","2026-07-27","287","HAFEEZ AUTO GHAZI GOTH","10000",""
"2135","2026-07-27","253","IZZAT AGA AUTO RABIA CITY","6000",""
"2136","2026-07-27","340","HAJI AUTO JAMALI PULL","7000",""
"2134","2026-07-27","289","GHAZI AUTO PEHALWAN GOTH","3000",""
"2132","2026-07-27","281","SUBHAN ALLAH AUTO SACHAL","7000",""
"2133","2026-07-27","149","SHEIKH AUTO PEHALWAN GOTH","10000",""
"2156","2026-07-28","353","MUNAWWAR AUTO MALIR","3000",""
"2155","2026-07-28","229","IMRAN AUTO FAQEERA GOTH","10000",""
"2157","2026-07-28","273","RIZWAN AUTO MALIR","5000",""
"2159","2026-07-28","51","NEW KAKAR AUTOS PIDC","69300",""
"2158","2026-07-28","291","FAISAL AUTO PEHAWAN GOTH","5000",""
"2154","2026-07-28","120","BHATTI AUTO GULSHAN BLK 2","6000",""
"2150","2026-07-28","305","ALI AUTO ISLAM CHOWK W/RIM","5000",""
"2149","2026-07-28","71","HAMZA KHAN AUTOS ORANGI TOWN","30000",""
"2151","2026-07-28","92","OSAMA ISLAM CHOWK","8000",""
"2153","2026-07-28","101","A.R AUTOS BAGH-E-KORANGI","10000",""
"2152","2026-07-28","57","RANA AUTOS LANDHI","20000",""
"2162","2026-07-29","292","AL-REHMAN AUTO MALIR","5000",""
"2161","2026-07-29","330","MADINA AUTO QUAIDABAD","10000",""
"2160","2026-07-29","231","STAR AUTO MALIR","25000",""
"2178","2026-07-30","327","AJMERI AUTO SINDHI HOTEL","2000",""
"2179","2026-07-30","331","M.UMAR AUTO NASIR JUMP KORANGI","10000",""
"2177","2026-07-30","161","SHAYAN AUTO U.P","10000",""
"2175","2026-07-30","178","B.S ALIYAN AUTO WATER PUMP","1000",""
"2176","2026-07-30","217","BISMILLAH AUTO WATER PUMP","2000",""
"2180","2026-07-30","199","SUFI BILAL COLONY KORANGI","5000",""
"2184","2026-07-30","181","MAKKA AUTO KORANGI 3 NUMBER","3000",""
"2185","2026-07-30","132","ADNAN AUTO FAST","40000",""
"2183","2026-07-30","173","B.S AUTO FARZAN BAK KORANGI","5000",""
"2181","2026-07-30","144","TAJ AUTO MEHRAN TOWN 2","5000",""
"2182","2026-07-30","114","TAJ AUTO MEHRAN TOWN 1","5000",""
"2174","2026-07-30","123","LUCKY AUTO WATER PUMP","6000",""
"2166","2026-07-30","82","JUNAID AUTO AGRA TAJ","25000",""
"2167","2026-07-30","67","JAMEEL AUTOS LEE MARKET","22000",""
"2165","2026-07-30","168","B.S AUTO QUAIDABAD","15000",""
"2163","2026-07-30","350","HUZAIFA AUTO KORANGI 5/1","5000",""
"2164","2026-07-30","256","PARTS WALA AUTO LANDHI 6","5000",""
"2168","2026-07-30","242","KING AUTO BEHAR COLONY","5000",""
"2172","2026-07-30","254","WARSI AUTO NAZIMABAD","2000",""
"2173","2026-07-30","270","SARWAR AUTO PEOPELS CHOWRANGI","1000",""
"2171","2026-07-30","116","ASIF SUPPLIER ZIP 1","10000",""
"2169","2026-07-30","310","TIGER AUTO LUCKY STAR","3000",""
"2170","2026-07-30","77","MALIK AUTO LINES AREA","5000",""
"2196","2026-07-31","68","ARIF AUTOS LANDHI","15000",""
"2197","2026-07-31","57","RANA AUTOS LANDHI","20000",""
"2194","2026-07-31","337","NOORANI AUTO SAFORA","69000",""
"2195","2026-07-31","60","RIZWAN SUPPLIER KORANGI","70000",""
"2200","2026-07-31","51","NEW KAKAR AUTOS PIDC","10000",""
"2201","2026-07-31","293","SIDDIQUE AUTO LANDHI","5000",""
"2198","2026-07-31","70","UNIQUE AUTOS LANDHI","30000",""
"2199","2026-07-31","153","JUNAID AUTO SHAHFAISAL","20000",""
"2188","2026-07-31","170","ABDUL HADI AUTO DRIG ROAD","4000",""
"2189","2026-07-31","276","REHAN AUTO SHAH FAISAL","5000",""
"2186","2026-07-31","235","QUETTA AUTO BHAINS COLONY","20750",""
"2187","2026-07-31","247","RIZWAN AUTO AZEEM PURA","5000",""
"2192","2026-07-31","336","DEEWAN AUTO SHAH FAISAL","4000",""
"2193","2026-07-31","220","SHAFI AUTO MEMON GOTH","40000",""
"2190","2026-07-31","148","IRFAN AUTO SHAH FAISAL","10000",""
"2191","2026-07-31","167","QADRI AUTO SHAH FAISAL","5000",""
"2202","2026-08-01","25","AZAN AUTO BADIN","28000",""
