pcode,pname,pack_name,category_id,sale_rate_pack,active
17,Lock C-Long 50 mm,Pack,1,1.0,Y
20,Rider Sprocket 15-T Black Powder Coating 8 Per Khapa Half Pr,Pack,1,1.0,Y
21,Rider Sprocket 38-T Black Powder Coating 8 Per Khapa Half Pr,Pack,1,1.0,Y
24,Spoke 2.50-17,Pack,1,1.0,Y
25,Spoke 300-17 Long Nipple,Pack,1,1.0,Y
31,ZIP ATF 1L,Pack,1,1.0,Y
32,ZIP Battery,Pack,1,1.0,Y
34,ZIP Gear Oil 1 Litre,Pack,1,1.0,Y
38,ZIP Sprocket 15-T Black Powder Coating 8 Per Khapa Half Pres,Pack,1,1.0,Y
39,ZIP Sprocket 38-T Black Powder Coating 8 Per Khapa Half Pres,Pack,1,1.0,Y
41,Lock C-Long 30 mm,Pack,1,1.0,Y
44,Dachi Engine Oil 700 ML Carton (BLACK),Pack,1,1.0,Y
45,Dachi Engine Oil 700 ML Carton (RED),Pack,1,1.0,Y
46,ZIP 1 CHAIN KIT GOLD 38-15 CD-70,Pack,1,1.0,Y
47,ZIP 1 CHAIN KIT RED 38-15 CD-70,Pack,1,1.0,Y
48,ZIP 1 CHAIN KIT RED 41-14 CD-70,Pack,1,1.0,Y
49,ZIP Spoke 2.25-17,Pack,1,1.0,Y
50,ZIP Spoke 2.50-17,Pack,1,1.0,Y
51,ZIP Spoke 300-17 Long Nipple,Pack,21,1.0,Y
52,Piston Kit STD,Pack,1,1.0,Y
53,Piston Kit 0.50,Pack,1,1.0,Y
54,Piston Kit 1.00,Pack,1,1.0,Y
55,Piston Kit 1.50,Pack,1,1.0,Y
57,ZIP 1 CHAIN KIT Gold 41-14 CD-70,Pack,21,1.0,Y
60,CHAIN COVER 0.6MM ZIP 1,Pack,21,1.0,Y
61,Carburetor PZ-22,Pack,1,1.0,Y
64,Clutch presur plate set zip 1,Pack,1,1.0,Y
65,Clutch plate FCC CD-70 Set,Pack,1,1.0,Y
66,Clutch plate CD-70 Green Set,Pack,1,1.0,Y
67,ZIP Chain cover 0.6mm,Pack,1,1.0,Y
69,ZIP Carburetor PZ-22,Pack,1,1.0,Y
71,ZIP 1 Clutch Plate Set CD-70 Green,Pack,1,1.0,Y
86,ZIP 1 GOLD CHAIN KIT CG-125,Pack,1,1.0,Y
87,ZIP 1 GOLD CHAIN KIT 45-14 YBR,Pack,1,1.0,Y
88,ZIP 1 GOLD CHAIN KIT 43-15 SUZUKI JS 150CC,Pack,1,1.0,Y
89,ZIP 1 GOLD CHAIN KIT 43-14 PRIDOR 100CC,Pack,1,1.0,Y
90,ZIP 1 GOLD CHAIN KIT 35-14 SUZUKI 110CC,Pack,1,1.0,Y
91,Chimta Bush CD-70,Pack,1,1.0,Y
93,ZIP Chimta Bush CD-70,Pack,1,1.0,Y
94, SPARK PLUG C7HSA CHINA,Pack,21,1.0,Y
95,ZIP 1 PUSH LOCK,Pack,21,1.0,Y
96,ZIP 1HEAD COMPLETE EURO,Pack,21,1.0,Y
97,WHEEL RIM SET,Pack,21,1.0,Y
98,ZIP 1 MAGNET COIL RING HERO,Pack,21,1.0,Y
99,ZIP 1 MAGNET COIL RING CDI 70,Pack,21,1.0,Y
100,ZIP 1 BRAKE SHOE FMC,Pack,1,1.0,Y
101,PRESURE PLATE SET-ZIP 1,Pack,21,1.0,Y
102,MAGNET COMPLETE CDI-70 ZIP 1,Pack,21,1.0,Y
103,SILENCER ZIP 1,Pack,21,1.0,Y
104,CYLINDER KIT 78CM ZIP 1,Pack,21,1.0,Y
105,CYLINDER KIT 72CM ZIP 1,Pack,21,1.0,Y
106,CYLINDER KIT 97CM ZIP 1,Pack,21,1.0,Y
107,BATTERY NS 40,Pack,21,1.0,Y
108,VALVE SEAL CHINA 70,Pack,21,1.0,Y
109,HAF KIT GREEN CDI-70 ZIP 1,Pack,21,1.0,Y
111,FRONT SHOCK  JH90 ZIP 1,Pack,21,1.0,Y
112,FRONT SHOCK CDI70-ZIP 1,Pack,21,1.0,Y
113,FRONT SHOCK CDI125-ZIP 1,Pack,21,1.0,Y
114,REAR SHOCK JH90 BLK-ZIP 1,Pack,21,1.0,Y
115,REAR SHOCK JH90 RED-ZIP 1,Pack,21,1.0,Y
116,REAR SHOCK GENUINE TYPE RED-ZIP 1,Pack,21,1.0,Y
117,REAR SHOCK GENUINE TYPE BLK-ZIP 1,Pack,21,1.0,Y
118,REAR SHOCK CDI-125 ZIP 1,Pack,21,1.0,Y
119,FRONT SHOCK JH.90 RECO STAR,Pack,21,1.0,Y
120,FRONT SHOCK CDI.70 RECO STAR,Pack,21,1.0,Y
121,REAR SHOCK JH90 BLK RECO STAR,Pack,21,1.0,Y
122,REAR SHOCK CDI70 BLK(H)RECO STAR,Pack,21,1.0,Y
123,ONLY FRY WHEEL MAGNET ZIP 1,Pack,21,1.0,Y
124,FRONT SHOCK CDI125 RECO STAR,Pack,21,1.0,Y
125,SILENCER BEST LIFE,Pack,21,1.0,Y
126,"CARBURETOR PZ 16""ZIP 1""",Pack,21,1.0,Y
127,"CHAIN COVER""5MM"" ZIP 1",Pack,21,1.0,Y
128,WHEEL RIM REAR,Pack,21,1.0,Y
129,BATTERY 12V ZIP,Pack,21,1.0,Y
130,WHEEL RIM FRONT,Pack,21,1.0,Y
131,CON ROD JH90 STAR,Pack,21,1.0,Y
132,CHAIN LOCK 530 LINK,Pack,21,1.0,Y
134,COIL PLATE COMPLETE CDI70 ZIP 1,Pack,21,1.0,Y
135,CARBURETOR PZ27 CDI 125,Pack,21,1.0,Y
137,PISTON CG125/50,Pack,21,1.0,Y
138,PISTON CG125/100,Pack,21,1.0,Y
139,PISTON CG125/150,Pack,21,1.0,Y
140,SPARK PLUG NIN C7HSA,Pack,21,1.0,Y
141,FRONT SHOCK ROD JH90 ZIP 1,Pack,21,1.0,Y
142,REAR SHOCK JH90 RED RECO STAR,Pack,21,1.0,Y
143,CARBURETOR PZ22 ZIP 1,Pack,21,1.0,Y
144,C.D.I GUTKA COIL CDI 70 ZIP1,Pack,21,1.0,Y
145,CHAIN KIT 41/14 KIXX,Pack,21,1.0,Y
146,CHAIN KIT 38/15 KIXX,Pack,21,1.0,Y
147,PLUG COIL STAR,Pack,21,1.0,Y
148,FRONT SHOCK ROD CDI70 ZIP 1,Pack,21,1.0,Y
149,FRONT SHOCK ROD CDI125 ZIP 1,Pack,21,1.0,Y
154,CARBURETOR PZ18 EURO2,Pack,21,1.0,Y
155,SPOKE 2X50X17 ZIP 1,Pack,21,1.0,Y
156,"CHAIN KIT""CG125"" MAK 4",Pack,21,1.0,Y
157,METER CASE LED SHINE UNIQUE ZIP1,Pack,21,1.0,Y
158,METER CASE LED SHINE SUPER POWER ZIP1,Pack,21,1.0,Y
159,METER CASE LED SHINE SUPER STAR ZIP1,Pack,21,1.0,Y
160,METER CASE LED SHINE HONDA ZIP1,Pack,21,1.0,Y
161,"METER LED SHINE""UNIQUE""ZIP1",Pack,21,1.0,Y
162,"METER LED SHINE""HONDA""ZIP1",Pack,21,1.0,Y
163,"METER LED SHINE""SUPER STAR""ZIP1",Pack,21,1.0,Y
164,"METER LED SHINE""SUPER POWER""ZIP1",Pack,21,1.0,Y
